split_type,cell_line,target,model,spearman_rho
gene_holdout,A549,cc_all_high_h2ax,count,0.5077268195413759
gene_holdout,ES2,cc_all_high_h2ax,count,0.13557897735365335
gene_holdout,HCC44,cc_all_high_h2ax,count,0.236269762142145
gene_holdout,A549,cc_all_large_notround_polynuclear_mean,count,-0.12598632673408347
gene_holdout,ES2,cc_all_large_notround_polynuclear_mean,count,-0.12852157812277457
gene_holdout,HCC44,cc_all_large_notround_polynuclear_mean,count,0.19073493804301384
gene_holdout,A549,cc_all_large_round_polyploid_mean,count,0.5458481697763852
gene_holdout,ES2,cc_all_large_round_polyploid_mean,count,0.17046004842615015
gene_holdout,HCC44,cc_all_large_round_polyploid_mean,count,0.17350092579404647
gene_holdout,A549,cc_all_n_objects,count,0.8197194131890044
gene_holdout,ES2,cc_all_n_objects,count,0.6300170915823957
gene_holdout,HCC44,cc_all_n_objects,count,0.6872952570858853
gene_holdout,A549,cc_all_n_spots_h2ax_mean,count,0.3677111522575132
gene_holdout,ES2,cc_all_n_spots_h2ax_mean,count,-0.0016806722689075633
gene_holdout,HCC44,cc_all_n_spots_h2ax_mean,count,0.06110952855718559
gene_holdout,A549,cc_all_n_spots_h2ax_per_nucleus_area_mean,count,0.41329582680529847
gene_holdout,ES2,cc_all_n_spots_h2ax_per_nucleus_area_mean,count,0.12011821677823672
gene_holdout,HCC44,cc_all_n_spots_h2ax_per_nucleus_area_mean,count,0.13218914684517877
gene_holdout,A549,cc_all_nucleus_area_mean,count,0.4299814841190714
gene_holdout,ES2,cc_all_nucleus_area_mean,count,0.009920239282153541
gene_holdout,HCC44,cc_all_nucleus_area_mean,count,0.042600769121207804
gene_holdout,A549,cc_all_nucleus_roundness_mean,count,-0.6359706594502208
gene_holdout,ES2,cc_all_nucleus_roundness_mean,count,0.5956630109670987
gene_holdout,HCC44,cc_all_nucleus_roundness_mean,count,0.5346816692778807
gene_holdout,A549,cc_cc_early_mitosis,count,-0.0142643498077197
gene_holdout,ES2,cc_cc_early_mitosis,count,0.40929354792764566
gene_holdout,HCC44,cc_cc_early_mitosis,count,0.3540734938043014
gene_holdout,A549,cc_cc_g1,count,0.44620424440962836
gene_holdout,ES2,cc_cc_g1,count,0.14442387124341263
gene_holdout,HCC44,cc_cc_g1,count,0.1289702321606609
gene_holdout,A549,cc_cc_g2,count,0.6266628685372454
gene_holdout,ES2,cc_cc_g2,count,0.13950291981199264
gene_holdout,HCC44,cc_cc_g2,count,0.2828941746190002
gene_holdout,A549,cc_cc_high_h2ax,count,0.5501994017946162
gene_holdout,ES2,cc_cc_high_h2ax,count,0.18295114656031908
gene_holdout,HCC44,cc_cc_high_h2ax,count,0.4067867825096141
gene_holdout,A549,cc_cc_late_mitosis,count,0.01989745050562598
gene_holdout,ES2,cc_cc_late_mitosis,count,0.06583819968665433
gene_holdout,HCC44,cc_cc_late_mitosis,count,0.07212647770972797
gene_holdout,A549,cc_cc_mitosis,count,-0.09574846887907706
gene_holdout,ES2,cc_cc_mitosis,count,-0.1526064663153397
gene_holdout,HCC44,cc_cc_mitosis,count,-0.0834923800028486
gene_holdout,A549,cc_cc_n_objects,count,0.8172767412049567
gene_holdout,ES2,cc_cc_n_objects,count,0.6406138726677112
gene_holdout,HCC44,cc_cc_n_objects,count,0.6974077766699901
gene_holdout,A549,cc_cc_n_spots_h2ax_mean,count,0.5403076484831221
gene_holdout,ES2,cc_cc_n_spots_h2ax_mean,count,0.14299957271044011
gene_holdout,HCC44,cc_cc_n_spots_h2ax_mean,count,0.41913545079048575
gene_holdout,A549,cc_cc_n_spots_h2ax_per_nucleus_area_mean,count,0.5016521862982481
gene_holdout,ES2,cc_cc_n_spots_h2ax_per_nucleus_area_mean,count,0.28040877367896316
gene_holdout,HCC44,cc_cc_n_spots_h2ax_per_nucleus_area_mean,count,0.4752172055262784
gene_holdout,A549,cc_cc_s,count,0.6247543085030622
gene_holdout,ES2,cc_cc_s,count,0.5017590086882211
gene_holdout,HCC44,cc_cc_s,count,0.47472582253240286
gene_holdout,A549,cc_early_mitosis_high_h2ax,count,-0.023919414262767637
gene_holdout,ES2,cc_early_mitosis_high_h2ax,count,-0.14494374020794762
gene_holdout,HCC44,cc_early_mitosis_high_h2ax,count,0.04887480415895172
gene_holdout,A549,cc_early_mitosis_n_objects,count,0.44331291838769415
gene_holdout,ES2,cc_early_mitosis_n_objects,count,0.4810853154821251
gene_holdout,HCC44,cc_early_mitosis_n_objects,count,0.3929141147984618
gene_holdout,A549,cc_early_mitosis_n_spots_h2ax_mean,count,0.1458196838057257
gene_holdout,ES2,cc_early_mitosis_n_spots_h2ax_mean,count,0.08715282723258795
gene_holdout,HCC44,cc_early_mitosis_n_spots_h2ax_mean,count,0.20170203674690218
gene_holdout,A549,cc_early_mitosis_n_spots_h2ax_per_nucleus_area_mean,count,0.15102549494374023
gene_holdout,ES2,cc_early_mitosis_n_spots_h2ax_per_nucleus_area_mean,count,0.1834781370175189
gene_holdout,HCC44,cc_early_mitosis_n_spots_h2ax_per_nucleus_area_mean,count,0.2686796752599345
gene_holdout,A549,cc_g1_high_h2ax,count,0.5182310212220481
gene_holdout,ES2,cc_g1_high_h2ax,count,0.25889474433841336
gene_holdout,HCC44,cc_g1_high_h2ax,count,0.38389118359208096
gene_holdout,A549,cc_g1_n_objects,count,0.7538954564876799
gene_holdout,ES2,cc_g1_n_objects,count,0.6210084033613447
gene_holdout,HCC44,cc_g1_n_objects,count,0.6899871813132035
gene_holdout,A549,cc_g1_n_spots_h2ax_mean,count,0.5306081754735794
gene_holdout,ES2,cc_g1_n_spots_h2ax_mean,count,0.258239567013246
gene_holdout,HCC44,cc_g1_n_spots_h2ax_mean,count,0.38619854721549646
gene_holdout,A549,cc_g1_n_spots_h2ax_per_nucleus_area_mean,count,0.5377581541091013
gene_holdout,ES2,cc_g1_n_spots_h2ax_per_nucleus_area_mean,count,0.46963395527702617
gene_holdout,HCC44,cc_g1_n_spots_h2ax_per_nucleus_area_mean,count,0.46152257513174766
gene_holdout,A549,cc_g1_plus_g2_count,count,0.6519940179461616
gene_holdout,ES2,cc_g1_plus_g2_count,count,0.2535892323030908
gene_holdout,HCC44,cc_g1_plus_g2_count,count,0.25087594359777815
gene_holdout,A549,cc_g2_g1_count,count,0.5004415325452215
gene_holdout,ES2,cc_g2_g1_count,count,0.007869249394673124
gene_holdout,HCC44,cc_g2_g1_count,count,0.22238997293832788
gene_holdout,A549,cc_g2_high_h2ax,count,0.39910269192422737
gene_holdout,ES2,cc_g2_high_h2ax,count,0.09960831790343258
gene_holdout,HCC44,cc_g2_high_h2ax,count,0.4122347243982339
gene_holdout,A549,cc_g2_n_objects,count,0.18993020937188435
gene_holdout,ES2,cc_g2_n_objects,count,0.5353510895883777
gene_holdout,HCC44,cc_g2_n_objects,count,0.6336419313488109
gene_holdout,A549,cc_g2_n_spots_h2ax_mean,count,0.31620139581256235
gene_holdout,ES2,cc_g2_n_spots_h2ax_mean,count,0.05000000000000001
gene_holdout,HCC44,cc_g2_n_spots_h2ax_mean,count,0.45761287565873815
gene_holdout,A549,cc_g2_n_spots_h2ax_per_nucleus_area_mean,count,0.29104116222760296
gene_holdout,ES2,cc_g2_n_spots_h2ax_per_nucleus_area_mean,count,0.1124768551488392
gene_holdout,HCC44,cc_g2_n_spots_h2ax_per_nucleus_area_mean,count,0.5060959977211225
gene_holdout,A549,cc_g2_plus_all_m_count,count,0.559642501068224
gene_holdout,ES2,cc_g2_plus_all_m_count,count,0.0748611308930352
gene_holdout,HCC44,cc_g2_plus_all_m_count,count,0.3977496083179035
gene_holdout,A549,cc_infection_percentage,count,-0.12515311209229457
gene_holdout,ES2,cc_infection_percentage,count,0.15356786782509618
gene_holdout,HCC44,cc_infection_percentage,count,0.010639510041304659
gene_holdout,A549,cc_late_mitosis_high_h2ax,count,-0.08843657863182758
gene_holdout,ES2,cc_late_mitosis_high_h2ax,count,0.28234012187389307
gene_holdout,HCC44,cc_late_mitosis_high_h2ax,count,0.11577919430389795
gene_holdout,A549,cc_late_mitosis_n_objects,count,0.13922186871883038
gene_holdout,ES2,cc_late_mitosis_n_objects,count,0.5971229169633956
gene_holdout,HCC44,cc_late_mitosis_n_objects,count,0.5720979917390685
gene_holdout,A549,cc_late_mitosis_n_spots_h2ax_mean,count,-0.08278884977918112
gene_holdout,ES2,cc_late_mitosis_n_spots_h2ax_mean,count,0.03740207947585814
gene_holdout,HCC44,cc_late_mitosis_n_spots_h2ax_mean,count,-0.1680529839054266
gene_holdout,A549,cc_late_mitosis_n_spots_h2ax_per_nucleus_area_mean,count,-0.0850835079058105
gene_holdout,ES2,cc_late_mitosis_n_spots_h2ax_per_nucleus_area_mean,count,-0.12643498077196982
gene_holdout,HCC44,cc_late_mitosis_n_spots_h2ax_per_nucleus_area_mean,count,-0.2301880074063524
gene_holdout,A549,cc_mitosis_high_h2ax,count,-0.00649852757959283
gene_holdout,ES2,cc_mitosis_high_h2ax,count,0.07605633185933294
gene_holdout,HCC44,cc_mitosis_high_h2ax,count,0.08002450539638423
gene_holdout,A549,cc_mitosis_n_objects,count,0.38710297678393396
gene_holdout,ES2,cc_mitosis_n_objects,count,0.6157456202820112
gene_holdout,HCC44,cc_mitosis_n_objects,count,0.4651402934054978
gene_holdout,A549,cc_mitosis_n_spots_h2ax_mean,count,-0.08367753881213502
gene_holdout,ES2,cc_mitosis_n_spots_h2ax_mean,count,-0.0645349665289845
gene_holdout,HCC44,cc_mitosis_n_spots_h2ax_mean,count,0.1185870958552913
gene_holdout,A549,cc_mitosis_n_spots_h2ax_per_nucleus_area_mean,count,-0.1420025637373594
gene_holdout,ES2,cc_mitosis_n_spots_h2ax_per_nucleus_area_mean,count,-0.05702891326021935
gene_holdout,HCC44,cc_mitosis_n_spots_h2ax_per_nucleus_area_mean,count,0.026264064948013106
gene_holdout,A549,cc_polynuclear_high_h2ax,count,0.2940393106395101
gene_holdout,ES2,cc_polynuclear_high_h2ax,count,0.1654109101267626
gene_holdout,HCC44,cc_polynuclear_high_h2ax,count,0.008730950007121494
gene_holdout,A549,cc_polynuclear_n_objects,count,0.42249679532830087
gene_holdout,ES2,cc_polynuclear_n_objects,count,0.5300669420310498
gene_holdout,HCC44,cc_polynuclear_n_objects,count,0.2779732231875801
gene_holdout,A549,cc_polynuclear_n_spots_h2ax_mean,count,0.40163794331291847
gene_holdout,ES2,cc_polynuclear_n_spots_h2ax_mean,count,0.16872952570858854
gene_holdout,HCC44,cc_polynuclear_n_spots_h2ax_mean,count,-0.029753596353795757
gene_holdout,A549,cc_polynuclear_n_spots_h2ax_per_nucleus_area_mean,count,0.3860774818401938
gene_holdout,ES2,cc_polynuclear_n_spots_h2ax_per_nucleus_area_mean,count,0.23030907278165505
gene_holdout,HCC44,cc_polynuclear_n_spots_h2ax_per_nucleus_area_mean,count,-0.03607036034752884
gene_holdout,A549,cc_polyploid_high_h2ax,count,0.29901936348403524
gene_holdout,ES2,cc_polyploid_high_h2ax,count,0.1110169491525424
gene_holdout,HCC44,cc_polyploid_high_h2ax,count,0.14287138584247258
gene_holdout,A549,cc_polyploid_n_objects,count,-0.2914186013388407
gene_holdout,ES2,cc_polyploid_n_objects,count,0.42132174903859854
gene_holdout,HCC44,cc_polyploid_n_objects,count,0.291091012676257
gene_holdout,A549,cc_polyploid_n_spots_h2ax_mean,count,0.29251531120922947
gene_holdout,ES2,cc_polyploid_n_spots_h2ax_mean,count,0.11760432986754026
gene_holdout,HCC44,cc_polyploid_n_spots_h2ax_mean,count,0.11812419883207521
gene_holdout,A549,cc_polyploid_n_spots_h2ax_per_nucleus_area_mean,count,0.3113872667711153
gene_holdout,ES2,cc_polyploid_n_spots_h2ax_per_nucleus_area_mean,count,0.13668993020937192
gene_holdout,HCC44,cc_polyploid_n_spots_h2ax_per_nucleus_area_mean,count,0.15713573565019232
gene_holdout,A549,cc_s_high_h2ax,count,0.202278877652756
gene_holdout,ES2,cc_s_high_h2ax,count,-0.20981341689218064
gene_holdout,HCC44,cc_s_high_h2ax,count,0.16990457199829084
gene_holdout,A549,cc_s_intensity_nucleus_area_mean,count,0.4890471442814414
gene_holdout,ES2,cc_s_intensity_nucleus_area_mean,count,0.24955846745477855
gene_holdout,HCC44,cc_s_intensity_nucleus_area_mean,count,0.360831790343256
gene_holdout,A549,cc_s_intensity_nucleus_area_sum,count,0.7917177040307649
gene_holdout,ES2,cc_s_intensity_nucleus_area_sum,count,0.6678250961401511
gene_holdout,HCC44,cc_s_intensity_nucleus_area_sum,count,0.707570146702749
gene_holdout,A549,cc_s_n_objects,count,0.8037743911123773
gene_holdout,ES2,cc_s_n_objects,count,0.6516593077909131
gene_holdout,HCC44,cc_s_n_objects,count,0.6962469733656176
gene_holdout,A549,cc_s_n_spots_h2ax_mean,count,0.1930423016664293
gene_holdout,ES2,cc_s_n_spots_h2ax_mean,count,-0.22157100128186868
gene_holdout,HCC44,cc_s_n_spots_h2ax_mean,count,0.10230736362341547
gene_holdout,A549,cc_s_n_spots_h2ax_per_nucleus_area_mean,count,0.23464606181455638
gene_holdout,ES2,cc_s_n_spots_h2ax_per_nucleus_area_mean,count,-0.019883207520296257
gene_holdout,HCC44,cc_s_n_spots_h2ax_per_nucleus_area_mean,count,0.2590585386697052
gene_holdout,A549,vb_infection_percentage,count,-0.12515311209229457
gene_holdout,ES2,vb_infection_percentage,count,0.15356786782509618
gene_holdout,HCC44,vb_infection_percentage,count,0.010639510041304659
gene_holdout,A549,vb_live_cell_area,count,-0.020047001851588097
gene_holdout,ES2,vb_live_cell_area,count,-0.18094288562882782
gene_holdout,HCC44,vb_live_cell_area,count,-0.16405070502777383
gene_holdout,A549,vb_live_cell_roundness,count,0.7247400655177326
gene_holdout,ES2,vb_live_cell_roundness,count,0.4991169349095571
gene_holdout,HCC44,vb_live_cell_roundness,count,0.6362341546788208
gene_holdout,A549,vb_live_cell_width_length,count,0.7498860561173624
gene_holdout,ES2,vb_live_cell_width_length,count,0.5339837629967242
gene_holdout,HCC44,vb_live_cell_width_length,count,0.5303802877083038
gene_holdout,A549,vb_num_live_cells,count,0.7663936761145137
gene_holdout,ES2,vb_num_live_cells,count,0.6814769975786926
gene_holdout,HCC44,vb_num_live_cells,count,0.6640578265204388
gene_holdout,A549,vb_percent_all_apoptosis,count,-0.07362468453714673
gene_holdout,ES2,vb_percent_all_apoptosis,count,0.2886483406922091
gene_holdout,HCC44,vb_percent_all_apoptosis,count,0.33023073636234157
gene_holdout,A549,vb_percent_caspase_dead_only,count,-0.0816161573006075
gene_holdout,ES2,vb_percent_caspase_dead_only,count,-0.1384062099416038
gene_holdout,HCC44,vb_percent_caspase_dead_only,count,-0.20983478137017522
gene_holdout,A549,vb_percent_dead,count,-0.05947870673693207
gene_holdout,ES2,vb_percent_dead,count,0.4561600911551062
gene_holdout,HCC44,vb_percent_dead,count,0.4817761002706168
gene_holdout,A549,vb_percent_dead_only,count,-0.06739780658025923
gene_holdout,ES2,vb_percent_dead_only,count,0.5159094146133031
gene_holdout,HCC44,vb_percent_dead_only,count,0.4744338413331434
gene_holdout,A549,vb_percent_early_apoptosis,count,-0.04995035854233123
gene_holdout,ES2,vb_percent_early_apoptosis,count,0.20413758723828518
gene_holdout,HCC44,vb_percent_early_apoptosis,count,0.13889047144281444
gene_holdout,A549,vb_percent_late_apoptosis,count,-0.03375817153985756
gene_holdout,ES2,vb_percent_late_apoptosis,count,0.24163224611878656
gene_holdout,HCC44,vb_percent_late_apoptosis,count,0.41165788349238003
gene_holdout,A549,vb_percent_live,count,-0.05957128614157528
gene_holdout,ES2,vb_percent_live,count,0.45588235294117657
gene_holdout,HCC44,vb_percent_live,count,0.48189716564591945
gene_holdout,A549,vb_ros_back_mean,count,0.06961336800989347
gene_holdout,ES2,vb_ros_back_mean,count,-0.07490140583764382
gene_holdout,HCC44,vb_ros_back_mean,count,0.15371987673288054
gene_holdout,A549,vb_ros_mean,count,-0.03614026660864539
gene_holdout,ES2,vb_ros_mean,count,-0.06720615348359095
gene_holdout,HCC44,vb_ros_mean,count,-0.22319080601340696
gene_holdout,A549,cc_all_high_h2ax,morphology,0.5023999430280587
gene_holdout,ES2,cc_all_high_h2ax,morphology,0.43973080757726823
gene_holdout,HCC44,cc_all_high_h2ax,morphology,0.5239709443099274
gene_holdout,A549,cc_all_large_notround_polynuclear_mean,morphology,0.27835778379148274
gene_holdout,ES2,cc_all_large_notround_polynuclear_mean,morphology,0.1949081327446233
gene_holdout,HCC44,cc_all_large_notround_polynuclear_mean,morphology,0.2702464036462043
gene_holdout,A549,cc_all_large_round_polyploid_mean,morphology,0.4572924084888193
gene_holdout,ES2,cc_all_large_round_polyploid_mean,morphology,0.2848668280871671
gene_holdout,HCC44,cc_all_large_round_polyploid_mean,morphology,0.06953425437971798
gene_holdout,A549,cc_all_n_objects,morphology,0.7756658595641648
gene_holdout,ES2,cc_all_n_objects,morphology,0.5973508047286712
gene_holdout,HCC44,cc_all_n_objects,morphology,0.5941888619854723
gene_holdout,A549,cc_all_n_spots_h2ax_mean,morphology,0.5912263210368894
gene_holdout,ES2,cc_all_n_spots_h2ax_mean,morphology,0.34806295399515746
gene_holdout,HCC44,cc_all_n_spots_h2ax_mean,morphology,0.5056259792052414
gene_holdout,A549,cc_all_n_spots_h2ax_per_nucleus_area_mean,morphology,0.621713431135166
gene_holdout,ES2,cc_all_n_spots_h2ax_per_nucleus_area_mean,morphology,0.3311280444381143
gene_holdout,HCC44,cc_all_n_spots_h2ax_per_nucleus_area_mean,morphology,0.5214713003845607
gene_holdout,A549,cc_all_nucleus_area_mean,morphology,0.5276883634809857
gene_holdout,ES2,cc_all_nucleus_area_mean,morphology,0.5750249252243271
gene_holdout,HCC44,cc_all_nucleus_area_mean,morphology,0.38783649052841485
gene_holdout,A549,cc_all_nucleus_roundness_mean,morphology,0.5366472012533827
gene_holdout,ES2,cc_all_nucleus_roundness_mean,morphology,0.4900583962398519
gene_holdout,HCC44,cc_all_nucleus_roundness_mean,morphology,0.5321108104258654
gene_holdout,A549,cc_cc_early_mitosis,morphology,0.36944167497507485
gene_holdout,ES2,cc_cc_early_mitosis,morphology,0.3684589089873238
gene_holdout,HCC44,cc_cc_early_mitosis,morphology,0.30158809286426436
gene_holdout,A549,cc_cc_g1,morphology,0.36137302378578556
gene_holdout,ES2,cc_cc_g1,morphology,0.5833784361202109
gene_holdout,HCC44,cc_cc_g1,morphology,0.2815980629539952
gene_holdout,A549,cc_cc_g2,morphology,0.4250106822389973
gene_holdout,ES2,cc_cc_g2,morphology,0.18213217490385988
gene_holdout,HCC44,cc_cc_g2,morphology,0.24678108531548215
gene_holdout,A549,cc_cc_high_h2ax,morphology,0.5172482552342972
gene_holdout,ES2,cc_cc_high_h2ax,morphology,0.4943668993020938
gene_holdout,HCC44,cc_cc_high_h2ax,morphology,0.5481911408631249
gene_holdout,A549,cc_cc_late_mitosis,morphology,0.11803874092009688
gene_holdout,ES2,cc_cc_late_mitosis,morphology,0.4891183592080901
gene_holdout,HCC44,cc_cc_late_mitosis,morphology,0.355390969947301
gene_holdout,A549,cc_cc_mitosis,morphology,0.33294402506765425
gene_holdout,ES2,cc_cc_mitosis,morphology,0.28171912832929785
gene_holdout,HCC44,cc_cc_mitosis,morphology,0.32352229027204105
gene_holdout,A549,cc_cc_n_objects,morphology,0.7822318758011679
gene_holdout,ES2,cc_cc_n_objects,morphology,0.6142572283150549
gene_holdout,HCC44,cc_cc_n_objects,morphology,0.6036462042444096
gene_holdout,A549,cc_cc_n_spots_h2ax_mean,morphology,0.5672838626976215
gene_holdout,ES2,cc_cc_n_spots_h2ax_mean,morphology,0.4146702748896169
gene_holdout,HCC44,cc_cc_n_spots_h2ax_mean,morphology,0.5473721692066659
gene_holdout,A549,cc_cc_n_spots_h2ax_per_nucleus_area_mean,morphology,0.6008688221051133
gene_holdout,ES2,cc_cc_n_spots_h2ax_per_nucleus_area_mean,morphology,0.37573707449081334
gene_holdout,HCC44,cc_cc_n_spots_h2ax_per_nucleus_area_mean,morphology,0.5525851018373451
gene_holdout,A549,cc_cc_s,morphology,0.6999216635806865
gene_holdout,ES2,cc_cc_s,morphology,0.6205739923087881
gene_holdout,HCC44,cc_cc_s,morphology,0.5134738641219201
gene_holdout,A549,cc_early_mitosis_high_h2ax,morphology,0.08324638965634404
gene_holdout,ES2,cc_early_mitosis_high_h2ax,morphology,-0.03300811850163795
gene_holdout,HCC44,cc_early_mitosis_high_h2ax,morphology,0.3091012676256944
gene_holdout,A549,cc_early_mitosis_n_objects,morphology,0.4917817974647487
gene_holdout,ES2,cc_early_mitosis_n_objects,morphology,0.5601623700327589
gene_holdout,HCC44,cc_early_mitosis_n_objects,morphology,0.4114157527417747
gene_holdout,A549,cc_early_mitosis_n_spots_h2ax_mean,morphology,0.39443811422874236
gene_holdout,ES2,cc_early_mitosis_n_spots_h2ax_mean,morphology,0.18132032474006554
gene_holdout,HCC44,cc_early_mitosis_n_spots_h2ax_mean,morphology,0.3735863837060248
gene_holdout,A549,cc_early_mitosis_n_spots_h2ax_per_nucleus_area_mean,morphology,0.32753169064235865
gene_holdout,ES2,cc_early_mitosis_n_spots_h2ax_per_nucleus_area_mean,morphology,0.08618430423016665
gene_holdout,HCC44,cc_early_mitosis_n_spots_h2ax_per_nucleus_area_mean,morphology,0.4412548070075489
gene_holdout,A549,cc_g1_high_h2ax,morphology,0.4058325024925225
gene_holdout,ES2,cc_g1_high_h2ax,morphology,0.3481768978777952
gene_holdout,HCC44,cc_g1_high_h2ax,morphology,0.41775388121350243
gene_holdout,A549,cc_g1_n_objects,morphology,0.7171770403076486
gene_holdout,ES2,cc_g1_n_objects,morphology,0.493369890329013
gene_holdout,HCC44,cc_g1_n_objects,morphology,0.5680743483834212
gene_holdout,A549,cc_g1_n_spots_h2ax_mean,morphology,0.5230522717561602
gene_holdout,ES2,cc_g1_n_spots_h2ax_mean,morphology,0.4300384560603903
gene_holdout,HCC44,cc_g1_n_spots_h2ax_mean,morphology,0.48526563167639936
gene_holdout,A549,cc_g1_n_spots_h2ax_per_nucleus_area_mean,morphology,0.5926150121065377
gene_holdout,ES2,cc_g1_n_spots_h2ax_per_nucleus_area_mean,morphology,0.48712434126192855
gene_holdout,HCC44,cc_g1_n_spots_h2ax_per_nucleus_area_mean,morphology,0.5319470160945734
gene_holdout,A549,cc_g1_plus_g2_count,morphology,0.6682595071927077
gene_holdout,ES2,cc_g1_plus_g2_count,morphology,0.6182595071927076
gene_holdout,HCC44,cc_g1_plus_g2_count,morphology,0.38625551915681533
gene_holdout,A549,cc_g2_g1_count,morphology,0.3749608317903433
gene_holdout,ES2,cc_g2_g1_count,morphology,0.24299957271044015
gene_holdout,HCC44,cc_g2_g1_count,morphology,0.11973365617433417
gene_holdout,A549,cc_g2_high_h2ax,morphology,0.33991596638655464
gene_holdout,ES2,cc_g2_high_h2ax,morphology,0.4106323885486398
gene_holdout,HCC44,cc_g2_high_h2ax,morphology,0.5243341404358354
gene_holdout,A549,cc_g2_n_objects,morphology,-0.03624839766415041
gene_holdout,ES2,cc_g2_n_objects,morphology,0.5615225751317477
gene_holdout,HCC44,cc_g2_n_objects,morphology,0.576064663153397
gene_holdout,A549,cc_g2_n_spots_h2ax_mean,morphology,0.35641646489104123
gene_holdout,ES2,cc_g2_n_spots_h2ax_mean,morphology,0.38539381854436694
gene_holdout,HCC44,cc_g2_n_spots_h2ax_mean,morphology,0.5452570858852016
gene_holdout,A549,cc_g2_n_spots_h2ax_per_nucleus_area_mean,morphology,0.39740777666999005
gene_holdout,ES2,cc_g2_n_spots_h2ax_per_nucleus_area_mean,morphology,0.3527845036319613
gene_holdout,HCC44,cc_g2_n_spots_h2ax_per_nucleus_area_mean,morphology,0.5158239567013246
gene_holdout,A549,cc_g2_plus_all_m_count,morphology,0.4562384275744197
gene_holdout,ES2,cc_g2_plus_all_m_count,morphology,0.34574134738641227
gene_holdout,HCC44,cc_g2_plus_all_m_count,morphology,0.2915325452214784
gene_holdout,A549,cc_infection_percentage,morphology,0.22902720410197983
gene_holdout,ES2,cc_infection_percentage,morphology,0.20628827802307367
gene_holdout,HCC44,cc_infection_percentage,morphology,0.033349950149551354
gene_holdout,A549,cc_late_mitosis_high_h2ax,morphology,-0.09915616392053395
gene_holdout,ES2,cc_late_mitosis_high_h2ax,morphology,-0.08925510330583317
gene_holdout,HCC44,cc_late_mitosis_high_h2ax,morphology,0.10093387502775883
gene_holdout,A549,cc_late_mitosis_n_objects,morphology,0.09499375978109306
gene_holdout,ES2,cc_late_mitosis_n_objects,morphology,0.6386625836775389
gene_holdout,HCC44,cc_late_mitosis_n_objects,morphology,0.39130465745620285
gene_holdout,A549,cc_late_mitosis_n_spots_h2ax_mean,morphology,-0.038714807669349004
gene_holdout,ES2,cc_late_mitosis_n_spots_h2ax_mean,morphology,0.11174334140435836
gene_holdout,HCC44,cc_late_mitosis_n_spots_h2ax_mean,morphology,-0.14379005839623987
gene_holdout,A549,cc_late_mitosis_n_spots_h2ax_per_nucleus_area_mean,morphology,-0.007253837038456696
gene_holdout,ES2,cc_late_mitosis_n_spots_h2ax_per_nucleus_area_mean,morphology,0.0286426434980772
gene_holdout,HCC44,cc_late_mitosis_n_spots_h2ax_per_nucleus_area_mean,morphology,-0.18065090442956847
gene_holdout,A549,cc_mitosis_high_h2ax,morphology,-0.024773288663245498
gene_holdout,ES2,cc_mitosis_high_h2ax,morphology,-0.09877541315046266
gene_holdout,HCC44,cc_mitosis_high_h2ax,morphology,-0.06812152723299432
gene_holdout,A549,cc_mitosis_n_objects,morphology,0.3375445093291554
gene_holdout,ES2,cc_mitosis_n_objects,morphology,0.6620495655889475
gene_holdout,HCC44,cc_mitosis_n_objects,morphology,0.30110383136305374
gene_holdout,A549,cc_mitosis_n_spots_h2ax_mean,morphology,0.2187224042159237
gene_holdout,ES2,cc_mitosis_n_spots_h2ax_mean,morphology,0.08649052841475574
gene_holdout,HCC44,cc_mitosis_n_spots_h2ax_mean,morphology,0.007534539239424585
gene_holdout,A549,cc_mitosis_n_spots_h2ax_per_nucleus_area_mean,morphology,0.22521720552627833
gene_holdout,ES2,cc_mitosis_n_spots_h2ax_per_nucleus_area_mean,morphology,0.14819114086312493
gene_holdout,HCC44,cc_mitosis_n_spots_h2ax_per_nucleus_area_mean,morphology,-0.05017803731662157
gene_holdout,A549,cc_polynuclear_high_h2ax,morphology,0.32646346674262927
gene_holdout,ES2,cc_polynuclear_high_h2ax,morphology,0.2928072924084889
gene_holdout,HCC44,cc_polynuclear_high_h2ax,morphology,0.17271756160091156
gene_holdout,A549,cc_polynuclear_n_objects,morphology,0.3703176185728529
gene_holdout,ES2,cc_polynuclear_n_objects,morphology,0.5438755163082183
gene_holdout,HCC44,cc_polynuclear_n_objects,morphology,0.28774391112377157
gene_holdout,A549,cc_polynuclear_n_spots_h2ax_mean,morphology,0.4234510753453925
gene_holdout,ES2,cc_polynuclear_n_spots_h2ax_mean,morphology,0.2801666429283578
gene_holdout,HCC44,cc_polynuclear_n_spots_h2ax_mean,morphology,0.19594787067369324
gene_holdout,A549,cc_polynuclear_n_spots_h2ax_per_nucleus_area_mean,morphology,0.48984475145990597
gene_holdout,ES2,cc_polynuclear_n_spots_h2ax_per_nucleus_area_mean,morphology,0.2870388833499502
gene_holdout,HCC44,cc_polynuclear_n_spots_h2ax_per_nucleus_area_mean,morphology,0.22654180316194275
gene_holdout,A549,cc_polyploid_high_h2ax,morphology,0.30985123096663064
gene_holdout,ES2,cc_polyploid_high_h2ax,morphology,0.2501922803019513
gene_holdout,HCC44,cc_polyploid_high_h2ax,morphology,0.157306651474149
gene_holdout,A549,cc_polyploid_n_objects,morphology,0.3057256801025495
gene_holdout,ES2,cc_polyploid_n_objects,morphology,0.4848525851018375
gene_holdout,HCC44,cc_polyploid_n_objects,morphology,0.3344893889759294
gene_holdout,A549,cc_polyploid_n_spots_h2ax_mean,morphology,0.2543939609742202
gene_holdout,ES2,cc_polyploid_n_spots_h2ax_mean,morphology,0.2691639367611452
gene_holdout,HCC44,cc_polyploid_n_spots_h2ax_mean,morphology,0.21501210653753028
gene_holdout,A549,cc_polyploid_n_spots_h2ax_per_nucleus_area_mean,morphology,0.3601410055547643
gene_holdout,ES2,cc_polyploid_n_spots_h2ax_per_nucleus_area_mean,morphology,0.28218914684517876
gene_holdout,HCC44,cc_polyploid_n_spots_h2ax_per_nucleus_area_mean,morphology,0.28518017376442106
gene_holdout,A549,cc_s_high_h2ax,morphology,0.37765275601766135
gene_holdout,ES2,cc_s_high_h2ax,morphology,0.46103119213787214
gene_holdout,HCC44,cc_s_high_h2ax,morphology,0.32251103831363054
gene_holdout,A549,cc_s_intensity_nucleus_area_mean,morphology,0.4440321891468452
gene_holdout,ES2,cc_s_intensity_nucleus_area_mean,morphology,0.2576840905853867
gene_holdout,HCC44,cc_s_intensity_nucleus_area_mean,morphology,0.36999715140293415
gene_holdout,A549,cc_s_intensity_nucleus_area_sum,morphology,0.8174191710582539
gene_holdout,ES2,cc_s_intensity_nucleus_area_sum,morphology,0.7021150833214642
gene_holdout,HCC44,cc_s_intensity_nucleus_area_sum,morphology,0.6630821820253526
gene_holdout,A549,cc_s_n_objects,morphology,0.82384275744196
gene_holdout,ES2,cc_s_n_objects,morphology,0.6956274035037745
gene_holdout,HCC44,cc_s_n_objects,morphology,0.6213075060532688
gene_holdout,A549,cc_s_n_spots_h2ax_mean,morphology,0.4259863267340835
gene_holdout,ES2,cc_s_n_spots_h2ax_mean,morphology,0.5822888477424869
gene_holdout,HCC44,cc_s_n_spots_h2ax_mean,morphology,0.22427716849451645
gene_holdout,A549,cc_s_n_spots_h2ax_per_nucleus_area_mean,morphology,0.4568936048995871
gene_holdout,ES2,cc_s_n_spots_h2ax_per_nucleus_area_mean,morphology,0.603482409913118
gene_holdout,HCC44,cc_s_n_spots_h2ax_per_nucleus_area_mean,morphology,0.21978350662298823
gene_holdout,A549,vb_infection_percentage,morphology,0.22902720410197983
gene_holdout,ES2,vb_infection_percentage,morphology,0.20628827802307367
gene_holdout,HCC44,vb_infection_percentage,morphology,0.033349950149551354
gene_holdout,A549,vb_live_cell_area,morphology,0.5663651901438542
gene_holdout,ES2,vb_live_cell_area,morphology,0.5776029055690074
gene_holdout,HCC44,vb_live_cell_area,morphology,0.5308360632388548
gene_holdout,A549,vb_live_cell_roundness,morphology,0.8366115937900586
gene_holdout,ES2,vb_live_cell_roundness,morphology,0.6200754878222476
gene_holdout,HCC44,vb_live_cell_roundness,morphology,0.459279304942316
gene_holdout,A549,vb_live_cell_width_length,morphology,0.8236504771400086
gene_holdout,ES2,vb_live_cell_width_length,morphology,0.6088591368750891
gene_holdout,HCC44,vb_live_cell_width_length,morphology,0.416479134026492
gene_holdout,A549,vb_num_live_cells,morphology,0.7571713431135167
gene_holdout,ES2,vb_num_live_cells,morphology,0.6555903717419173
gene_holdout,HCC44,vb_num_live_cells,morphology,0.5440891610881642
gene_holdout,A549,vb_percent_all_apoptosis,morphology,-0.002490980372287781
gene_holdout,ES2,vb_percent_all_apoptosis,morphology,0.32139296396524714
gene_holdout,HCC44,vb_percent_all_apoptosis,morphology,0.1155034895314058
gene_holdout,A549,vb_percent_caspase_dead_only,morphology,-0.027296778581495446
gene_holdout,ES2,vb_percent_caspase_dead_only,morphology,0.14141147984617577
gene_holdout,HCC44,vb_percent_caspase_dead_only,morphology,-0.1087095855291269
gene_holdout,A549,vb_percent_dead,morphology,0.1383065090442957
gene_holdout,ES2,vb_percent_dead,morphology,0.4089944452357214
gene_holdout,HCC44,vb_percent_dead,morphology,0.22662013958125624
gene_holdout,A549,vb_percent_dead_only,morphology,0.19871813132032476
gene_holdout,ES2,vb_percent_dead_only,morphology,0.505597493234582
gene_holdout,HCC44,vb_percent_dead_only,morphology,0.2489246546076058
gene_holdout,A549,vb_percent_early_apoptosis,morphology,0.00035816978733924586
gene_holdout,ES2,vb_percent_early_apoptosis,morphology,0.30444381142287424
gene_holdout,HCC44,vb_percent_early_apoptosis,morphology,-0.10289844751459908
gene_holdout,A549,vb_percent_late_apoptosis,morphology,-0.01763290901790618
gene_holdout,ES2,vb_percent_late_apoptosis,morphology,0.30441532545221484
gene_holdout,HCC44,vb_percent_late_apoptosis,morphology,0.20590371741917107
gene_holdout,A549,vb_percent_live,morphology,0.13607036034752884
gene_holdout,ES2,vb_percent_live,morphology,0.40774106252670567
gene_holdout,HCC44,vb_percent_live,morphology,0.22692636376584538
gene_holdout,A549,vb_ros_back_mean,morphology,0.2952861688825206
gene_holdout,ES2,vb_ros_back_mean,morphology,-0.11877609545091804
gene_holdout,HCC44,vb_ros_back_mean,morphology,0.15445343618912064
gene_holdout,A549,vb_ros_mean,morphology,0.667788372954899
gene_holdout,ES2,vb_ros_mean,morphology,0.06562508358761711
gene_holdout,HCC44,vb_ros_mean,morphology,0.3256897156659096
gene_holdout,A549,cc_all_high_h2ax,fusion,0.506266913545079
gene_holdout,ES2,cc_all_high_h2ax,fusion,0.4452784503631962
gene_holdout,HCC44,cc_all_high_h2ax,fusion,0.5411052556615867
gene_holdout,A549,cc_all_large_notround_polynuclear_mean,fusion,0.2745192992451218
gene_holdout,ES2,cc_all_large_notround_polynuclear_mean,fusion,0.2122133599202393
gene_holdout,HCC44,cc_all_large_notround_polynuclear_mean,fusion,0.2959478706736932
gene_holdout,A549,cc_all_large_round_polyploid_mean,fusion,0.48270189431704885
gene_holdout,ES2,cc_all_large_round_polyploid_mean,fusion,0.3319114086312491
gene_holdout,HCC44,cc_all_large_round_polyploid_mean,fusion,0.09029340549779234
gene_holdout,A549,cc_all_n_objects,fusion,0.7799245121777525
gene_holdout,ES2,cc_all_n_objects,fusion,0.616735507762427
gene_holdout,HCC44,cc_all_n_objects,fusion,0.6060888762284575
gene_holdout,A549,cc_all_n_spots_h2ax_mean,fusion,0.5943241703461045
gene_holdout,ES2,cc_all_n_spots_h2ax_mean,fusion,0.3573992308787922
gene_holdout,HCC44,cc_all_n_spots_h2ax_mean,fusion,0.5184233015239995
gene_holdout,A549,cc_all_n_spots_h2ax_per_nucleus_area_mean,fusion,0.6236433556473437
gene_holdout,ES2,cc_all_n_spots_h2ax_per_nucleus_area_mean,fusion,0.34512889901723404
gene_holdout,HCC44,cc_all_n_spots_h2ax_per_nucleus_area_mean,fusion,0.5337487537387837
gene_holdout,A549,cc_all_nucleus_area_mean,fusion,0.5267554479418887
gene_holdout,ES2,cc_all_nucleus_area_mean,fusion,0.5734439538527275
gene_holdout,HCC44,cc_all_nucleus_area_mean,fusion,0.3928856288278023
gene_holdout,A549,cc_all_nucleus_roundness_mean,fusion,0.5391895741347387
gene_holdout,ES2,cc_all_nucleus_roundness_mean,fusion,0.48730237857855013
gene_holdout,HCC44,cc_all_nucleus_roundness_mean,fusion,0.5337060247827946
gene_holdout,A549,cc_cc_early_mitosis,fusion,0.369897450505626
gene_holdout,ES2,cc_cc_early_mitosis,fusion,0.3716778236718417
gene_holdout,HCC44,cc_cc_early_mitosis,fusion,0.3010183734510754
gene_holdout,A549,cc_cc_g1,fusion,0.36071072496795337
gene_holdout,ES2,cc_cc_g1,fusion,0.5834354080615297
gene_holdout,HCC44,cc_cc_g1,fusion,0.2773821392963966
gene_holdout,A549,cc_cc_g2,fusion,0.4242842899871814
gene_holdout,ES2,cc_cc_g2,fusion,0.18224611878649766
gene_holdout,HCC44,cc_cc_g2,fusion,0.24902435550491386
gene_holdout,A549,cc_cc_high_h2ax,fusion,0.5172553767269621
gene_holdout,ES2,cc_cc_high_h2ax,fusion,0.49903859849024357
gene_holdout,HCC44,cc_cc_high_h2ax,fusion,0.5518515880928644
gene_holdout,A549,cc_cc_late_mitosis,fusion,0.11772539524284292
gene_holdout,ES2,cc_cc_late_mitosis,fusion,0.4878080045577554
gene_holdout,HCC44,cc_cc_late_mitosis,fusion,0.351766130180886
gene_holdout,A549,cc_cc_mitosis,fusion,0.3336134453781513
gene_holdout,ES2,cc_cc_mitosis,fusion,0.28971656459193845
gene_holdout,HCC44,cc_cc_mitosis,fusion,0.32589374732944026
gene_holdout,A549,cc_cc_n_objects,fusion,0.7869890329012962
gene_holdout,ES2,cc_cc_n_objects,fusion,0.631662156387979
gene_holdout,HCC44,cc_cc_n_objects,fusion,0.6161016949152543
gene_holdout,A549,cc_cc_n_spots_h2ax_mean,fusion,0.5706594502207664
gene_holdout,ES2,cc_cc_n_spots_h2ax_mean,fusion,0.4128756587380716
gene_holdout,HCC44,cc_cc_n_spots_h2ax_mean,fusion,0.5456986184304231
gene_holdout,A549,cc_cc_n_spots_h2ax_per_nucleus_area_mean,fusion,0.6043654750035607
gene_holdout,ES2,cc_cc_n_spots_h2ax_per_nucleus_area_mean,fusion,0.38966671414328446
gene_holdout,HCC44,cc_cc_n_spots_h2ax_per_nucleus_area_mean,fusion,0.5654892465460761
gene_holdout,A549,cc_cc_s,fusion,0.7010041304657457
gene_holdout,ES2,cc_cc_s,fusion,0.6237715425153112
gene_holdout,HCC44,cc_cc_s,fusion,0.513217490385985
gene_holdout,A549,cc_early_mitosis_high_h2ax,fusion,0.08141562628101355
gene_holdout,ES2,cc_early_mitosis_high_h2ax,fusion,-0.04264349807719699
gene_holdout,HCC44,cc_early_mitosis_high_h2ax,fusion,0.30569007263922526
gene_holdout,A549,cc_early_mitosis_n_objects,fusion,0.4907705455063382
gene_holdout,ES2,cc_early_mitosis_n_objects,fusion,0.5595855291269051
gene_holdout,HCC44,cc_early_mitosis_n_objects,fusion,0.41082466885059116
gene_holdout,A549,cc_early_mitosis_n_spots_h2ax_mean,fusion,0.3997792337273894
gene_holdout,ES2,cc_early_mitosis_n_spots_h2ax_mean,fusion,0.18208232445520584
gene_holdout,HCC44,cc_early_mitosis_n_spots_h2ax_mean,fusion,0.36986184304230174
gene_holdout,A549,cc_early_mitosis_n_spots_h2ax_per_nucleus_area_mean,fusion,0.3343968095712862
gene_holdout,ES2,cc_early_mitosis_n_spots_h2ax_per_nucleus_area_mean,fusion,0.0834354080615297
gene_holdout,HCC44,cc_early_mitosis_n_spots_h2ax_per_nucleus_area_mean,fusion,0.43839908844893893
gene_holdout,A549,cc_g1_high_h2ax,fusion,0.40770545506338135
gene_holdout,ES2,cc_g1_high_h2ax,fusion,0.35354650334710164
gene_holdout,HCC44,cc_g1_high_h2ax,fusion,0.41702036746902155
gene_holdout,A549,cc_g1_n_objects,fusion,0.7233086454920952
gene_holdout,ES2,cc_g1_n_objects,fusion,0.5152399943028059
gene_holdout,HCC44,cc_g1_n_objects,fusion,0.5839623985187296
gene_holdout,A549,cc_g1_n_spots_h2ax_mean,fusion,0.5247115795470731
gene_holdout,ES2,cc_g1_n_spots_h2ax_mean,fusion,0.4317689787779519
gene_holdout,HCC44,cc_g1_n_spots_h2ax_mean,fusion,0.48636946303945316
gene_holdout,A549,cc_g1_n_spots_h2ax_per_nucleus_area_mean,fusion,0.5882851445663012
gene_holdout,ES2,cc_g1_n_spots_h2ax_per_nucleus_area_mean,fusion,0.4992593647628543
gene_holdout,HCC44,cc_g1_n_spots_h2ax_per_nucleus_area_mean,fusion,0.5321321749038599
gene_holdout,A549,cc_g1_plus_g2_count,fusion,0.6696481982623559
gene_holdout,ES2,cc_g1_plus_g2_count,fusion,0.6198476000569719
gene_holdout,HCC44,cc_g1_plus_g2_count,fusion,0.3876869391824527
gene_holdout,A549,cc_g2_g1_count,fusion,0.3777097279589802
gene_holdout,ES2,cc_g2_g1_count,fusion,0.24109101267625696
gene_holdout,HCC44,cc_g2_g1_count,fusion,0.12204814129041447
gene_holdout,A549,cc_g2_high_h2ax,fusion,0.3455134596211366
gene_holdout,ES2,cc_g2_high_h2ax,fusion,0.4179247970374591
gene_holdout,HCC44,cc_g2_high_h2ax,fusion,0.5287209799173908
gene_holdout,A549,cc_g2_n_objects,fusion,-0.01451360205098989
gene_holdout,ES2,cc_g2_n_objects,fusion,0.572333000997009
gene_holdout,HCC44,cc_g2_n_objects,fusion,0.5871741917105826
gene_holdout,A549,cc_g2_n_spots_h2ax_mean,fusion,0.3705668708161231
gene_holdout,ES2,cc_g2_n_spots_h2ax_mean,fusion,0.3925794046432132
gene_holdout,HCC44,cc_g2_n_spots_h2ax_mean,fusion,0.5452926933485259
gene_holdout,A549,cc_g2_n_spots_h2ax_per_nucleus_area_mean,fusion,0.41704173194701616
gene_holdout,ES2,cc_g2_n_spots_h2ax_per_nucleus_area_mean,fusion,0.3640079760717847
gene_holdout,HCC44,cc_g2_n_spots_h2ax_per_nucleus_area_mean,fusion,0.5189574134738641
gene_holdout,A549,cc_g2_plus_all_m_count,fusion,0.4577268195413759
gene_holdout,ES2,cc_g2_plus_all_m_count,fusion,0.3468523002421308
gene_holdout,HCC44,cc_g2_plus_all_m_count,fusion,0.29368323600626695
gene_holdout,A549,cc_infection_percentage,fusion,0.2334638940321892
gene_holdout,ES2,cc_infection_percentage,fusion,0.20289132602193422
gene_holdout,HCC44,cc_infection_percentage,fusion,0.03290129611166501
gene_holdout,A549,cc_late_mitosis_high_h2ax,fusion,-0.10183606024271052
gene_holdout,ES2,cc_late_mitosis_high_h2ax,fusion,-0.09494643673541474
gene_holdout,HCC44,cc_late_mitosis_high_h2ax,fusion,0.10439126185360066
gene_holdout,A549,cc_late_mitosis_n_objects,fusion,0.10098294577523799
gene_holdout,ES2,cc_late_mitosis_n_objects,fusion,0.6423159094146134
gene_holdout,HCC44,cc_late_mitosis_n_objects,fusion,0.39722973935336847
gene_holdout,A549,cc_late_mitosis_n_spots_h2ax_mean,fusion,-0.040315029783972126
gene_holdout,ES2,cc_late_mitosis_n_spots_h2ax_mean,fusion,0.11266913545079049
gene_holdout,HCC44,cc_late_mitosis_n_spots_h2ax_mean,fusion,-0.14553482409913118
gene_holdout,A549,cc_late_mitosis_n_spots_h2ax_per_nucleus_area_mean,fusion,-0.010673179575835346
gene_holdout,ES2,cc_late_mitosis_n_spots_h2ax_per_nucleus_area_mean,fusion,0.029639652471157955
gene_holdout,HCC44,cc_late_mitosis_n_spots_h2ax_per_nucleus_area_mean,fusion,-0.182125053411195
gene_holdout,A549,cc_mitosis_high_h2ax,fusion,-0.03144085308739421
gene_holdout,ES2,cc_mitosis_high_h2ax,fusion,-0.0981969180249941
gene_holdout,HCC44,cc_mitosis_high_h2ax,fusion,-0.0684055462347238
gene_holdout,A549,cc_mitosis_n_objects,fusion,0.3379219484403932
gene_holdout,ES2,cc_mitosis_n_objects,fusion,0.6637444808431847
gene_holdout,HCC44,cc_mitosis_n_objects,fusion,0.3024284289987182
gene_holdout,A549,cc_mitosis_n_spots_h2ax_mean,fusion,0.22826520438683953
gene_holdout,ES2,cc_mitosis_n_spots_h2ax_mean,fusion,0.09181740492807293
gene_holdout,HCC44,cc_mitosis_n_spots_h2ax_mean,fusion,0.010461472724683094
gene_holdout,A549,cc_mitosis_n_spots_h2ax_per_nucleus_area_mean,fusion,0.23478849166785357
gene_holdout,ES2,cc_mitosis_n_spots_h2ax_per_nucleus_area_mean,fusion,0.1576912120780516
gene_holdout,HCC44,cc_mitosis_n_spots_h2ax_per_nucleus_area_mean,fusion,-0.055063381284717286
gene_holdout,A549,cc_polynuclear_high_h2ax,fusion,0.3278664007976072
gene_holdout,ES2,cc_polynuclear_high_h2ax,fusion,0.29459478706736936
gene_holdout,HCC44,cc_polynuclear_high_h2ax,fusion,0.19054265774106255
gene_holdout,A549,cc_polynuclear_n_objects,fusion,0.3694131890044154
gene_holdout,ES2,cc_polynuclear_n_objects,fusion,0.5429141147984617
gene_holdout,HCC44,cc_polynuclear_n_objects,fusion,0.2693847030337559
gene_holdout,A549,cc_polynuclear_n_spots_h2ax_mean,fusion,0.43503774391112376
gene_holdout,ES2,cc_polynuclear_n_spots_h2ax_mean,fusion,0.2988320752029626
gene_holdout,HCC44,cc_polynuclear_n_spots_h2ax_mean,fusion,0.21778236718416183
gene_holdout,A549,cc_polynuclear_n_spots_h2ax_per_nucleus_area_mean,fusion,0.5030408773678964
gene_holdout,ES2,cc_polynuclear_n_spots_h2ax_per_nucleus_area_mean,fusion,0.3109457342258938
gene_holdout,HCC44,cc_polynuclear_n_spots_h2ax_per_nucleus_area_mean,fusion,0.24502919811992596
gene_holdout,A549,cc_polyploid_high_h2ax,fusion,0.304275062499259
gene_holdout,ES2,cc_polyploid_high_h2ax,fusion,0.271350235009258
gene_holdout,HCC44,cc_polyploid_high_h2ax,fusion,0.1848098561458482
gene_holdout,A549,cc_polyploid_n_objects,fusion,0.33285144566301095
gene_holdout,ES2,cc_polyploid_n_objects,fusion,0.5258367753881213
gene_holdout,HCC44,cc_polyploid_n_objects,fusion,0.33071499786355224
gene_holdout,A549,cc_polyploid_n_spots_h2ax_mean,fusion,0.26231306081754735
gene_holdout,ES2,cc_polyploid_n_spots_h2ax_mean,fusion,0.29102691924227325
gene_holdout,HCC44,cc_polyploid_n_spots_h2ax_mean,fusion,0.23478849166785357
gene_holdout,A549,cc_polyploid_n_spots_h2ax_per_nucleus_area_mean,fusion,0.3675616009115511
gene_holdout,ES2,cc_polyploid_n_spots_h2ax_per_nucleus_area_mean,fusion,0.3146845178749466
gene_holdout,HCC44,cc_polyploid_n_spots_h2ax_per_nucleus_area_mean,fusion,0.30856715567582965
gene_holdout,A549,cc_s_high_h2ax,fusion,0.37846460618145567
gene_holdout,ES2,cc_s_high_h2ax,fusion,0.4630893035180174
gene_holdout,HCC44,cc_s_high_h2ax,fusion,0.32940464321321755
gene_holdout,A549,cc_s_intensity_nucleus_area_mean,fusion,0.44265774106252676
gene_holdout,ES2,cc_s_intensity_nucleus_area_mean,fusion,0.259792052414186
gene_holdout,HCC44,cc_s_intensity_nucleus_area_mean,fusion,0.3658168352086598
gene_holdout,A549,cc_s_intensity_nucleus_area_sum,fusion,0.8247614299957272
gene_holdout,ES2,cc_s_intensity_nucleus_area_sum,fusion,0.7199259364762856
gene_holdout,HCC44,cc_s_intensity_nucleus_area_sum,fusion,0.6736077481840196
gene_holdout,A549,cc_s_n_objects,fusion,0.8284717276741206
gene_holdout,ES2,cc_s_n_objects,fusion,0.7123557897735368
gene_holdout,HCC44,cc_s_n_objects,fusion,0.6295755590371742
gene_holdout,A549,cc_s_n_spots_h2ax_mean,fusion,0.42742486825238574
gene_holdout,ES2,cc_s_n_spots_h2ax_mean,fusion,0.585493519441675
gene_holdout,HCC44,cc_s_n_spots_h2ax_mean,fusion,0.23077909129753602
gene_holdout,A549,cc_s_n_spots_h2ax_per_nucleus_area_mean,fusion,0.45970659450220774
gene_holdout,ES2,cc_s_n_spots_h2ax_per_nucleus_area_mean,fusion,0.608082894174619
gene_holdout,HCC44,cc_s_n_spots_h2ax_per_nucleus_area_mean,fusion,0.22190571143711724
gene_holdout,A549,vb_infection_percentage,fusion,0.2334638940321892
gene_holdout,ES2,vb_infection_percentage,fusion,0.20289132602193422
gene_holdout,HCC44,vb_infection_percentage,fusion,0.03290129611166501
gene_holdout,A549,vb_live_cell_area,fusion,0.5691995442244695
gene_holdout,ES2,vb_live_cell_area,fusion,0.5841048283720269
gene_holdout,HCC44,vb_live_cell_area,fusion,0.5338342116507621
gene_holdout,A549,vb_live_cell_roundness,fusion,0.8385343968095713
gene_holdout,ES2,vb_live_cell_roundness,fusion,0.6254593362768837
gene_holdout,HCC44,vb_live_cell_roundness,fusion,0.46395100413046575
gene_holdout,A549,vb_live_cell_width_length,fusion,0.8246546076057543
gene_holdout,ES2,vb_live_cell_width_length,fusion,0.6133527987466173
gene_holdout,HCC44,vb_live_cell_width_length,fusion,0.4213359920239283
gene_holdout,A549,vb_num_live_cells,fusion,0.7630821820253526
gene_holdout,ES2,vb_num_live_cells,fusion,0.6606537530266345
gene_holdout,HCC44,vb_num_live_cells,fusion,0.5504771400085459
gene_holdout,A549,vb_percent_all_apoptosis,fusion,0.003977015873352165
gene_holdout,ES2,vb_percent_all_apoptosis,fusion,0.32256801025494947
gene_holdout,HCC44,vb_percent_all_apoptosis,fusion,0.11551061102407066
gene_holdout,A549,vb_percent_caspase_dead_only,fusion,-0.020185942835702804
gene_holdout,ES2,vb_percent_caspase_dead_only,fusion,0.14205953567867827
gene_holdout,HCC44,vb_percent_caspase_dead_only,fusion,-0.10657313772966814
gene_holdout,A549,vb_percent_dead,fusion,0.13536533257370748
gene_holdout,ES2,vb_percent_dead,fusion,0.40774106252670567
gene_holdout,HCC44,vb_percent_dead,fusion,0.22087309500071217
gene_holdout,A549,vb_percent_dead_only,fusion,0.1973223187580117
gene_holdout,ES2,vb_percent_dead_only,fusion,0.5010753453923943
gene_holdout,HCC44,vb_percent_dead_only,fusion,0.25109670987038885
gene_holdout,A549,vb_percent_early_apoptosis,fusion,0.0013753719833827043
gene_holdout,ES2,vb_percent_early_apoptosis,fusion,0.3067939040022789
gene_holdout,HCC44,vb_percent_early_apoptosis,fusion,-0.10275601766130182
gene_holdout,A549,vb_percent_late_apoptosis,fusion,-0.019431888170084132
gene_holdout,ES2,vb_percent_late_apoptosis,fusion,0.3021293263067939
gene_holdout,HCC44,vb_percent_late_apoptosis,fusion,0.20522717561600914
gene_holdout,A549,vb_percent_live,fusion,0.13179034325594646
gene_holdout,ES2,vb_percent_live,fusion,0.4055618857712577
gene_holdout,HCC44,vb_percent_live,fusion,0.21971229169633955
gene_holdout,A549,vb_ros_back_mean,fusion,0.30362951745519345
gene_holdout,ES2,vb_ros_back_mean,fusion,-0.09700077469893591
gene_holdout,HCC44,vb_ros_back_mean,fusion,0.16145073876927515
gene_holdout,A549,vb_ros_mean,fusion,0.6765127451286287
gene_holdout,ES2,vb_ros_mean,fusion,0.08578728572951781
gene_holdout,HCC44,vb_ros_mean,fusion,0.3502782013228902
gene_holdout,A549,cc_all_high_h2ax,global_mean,-0.12673584080091413
gene_holdout,ES2,cc_all_high_h2ax,global_mean,-0.19258222204401107
gene_holdout,HCC44,cc_all_high_h2ax,global_mean,-0.17455341817254996
gene_holdout,A549,cc_all_large_notround_polynuclear_mean,global_mean,-0.02878939412814251
gene_holdout,ES2,cc_all_large_notround_polynuclear_mean,global_mean,-0.14045822810561825
gene_holdout,HCC44,cc_all_large_notround_polynuclear_mean,global_mean,-0.19491168450754798
gene_holdout,A549,cc_all_large_round_polyploid_mean,global_mean,-0.10273256533810407
gene_holdout,ES2,cc_all_large_round_polyploid_mean,global_mean,-0.03548705297416203
gene_holdout,HCC44,cc_all_large_round_polyploid_mean,global_mean,0.023094748760962586
gene_holdout,A549,cc_all_n_objects,global_mean,-0.23283358904266122
gene_holdout,ES2,cc_all_n_objects,global_mean,-0.18878821453709607
gene_holdout,HCC44,cc_all_n_objects,global_mean,-0.1364643447242968
gene_holdout,A549,cc_all_n_spots_h2ax_mean,global_mean,-0.1341348822607599
gene_holdout,ES2,cc_all_n_spots_h2ax_mean,global_mean,-0.1620666271823584
gene_holdout,HCC44,cc_all_n_spots_h2ax_mean,global_mean,-0.19440654366132076
gene_holdout,A549,cc_all_n_spots_h2ax_per_nucleus_area_mean,global_mean,-0.1225420815451862
gene_holdout,ES2,cc_all_n_spots_h2ax_per_nucleus_area_mean,global_mean,-0.1966887627363616
gene_holdout,HCC44,cc_all_n_spots_h2ax_per_nucleus_area_mean,global_mean,-0.17598889036146895
gene_holdout,A549,cc_all_nucleus_area_mean,global_mean,-0.1166693649444442
gene_holdout,ES2,cc_all_nucleus_area_mean,global_mean,-0.08209447277893704
gene_holdout,HCC44,cc_all_nucleus_area_mean,global_mean,-0.2989379918690828
gene_holdout,A549,cc_all_nucleus_roundness_mean,global_mean,0.01178904248317272
gene_holdout,ES2,cc_all_nucleus_roundness_mean,global_mean,-0.1858373198094955
gene_holdout,HCC44,cc_all_nucleus_roundness_mean,global_mean,-0.1923242004606864
gene_holdout,A549,cc_cc_early_mitosis,global_mean,-0.17033058606236293
gene_holdout,ES2,cc_cc_early_mitosis,global_mean,-0.15405342167206373
gene_holdout,HCC44,cc_cc_early_mitosis,global_mean,-0.16523920242520973
gene_holdout,A549,cc_cc_g1,global_mean,-0.013885922111036671
gene_holdout,ES2,cc_cc_g1,global_mean,-0.2537805806804564
gene_holdout,HCC44,cc_cc_g1,global_mean,-0.023483598189353302
gene_holdout,A549,cc_cc_g2,global_mean,0.07427387492943405
gene_holdout,ES2,cc_cc_g2,global_mean,-0.21169762385088176
gene_holdout,HCC44,cc_cc_g2,global_mean,0.009670358214464428
gene_holdout,A549,cc_cc_high_h2ax,global_mean,-0.13663878185105152
gene_holdout,ES2,cc_cc_high_h2ax,global_mean,-0.17577447805983293
gene_holdout,HCC44,cc_cc_high_h2ax,global_mean,-0.09853880608237617
gene_holdout,A549,cc_cc_late_mitosis,global_mean,0.09421058487477484
gene_holdout,ES2,cc_cc_late_mitosis,global_mean,-0.07828229473798508
gene_holdout,HCC44,cc_cc_late_mitosis,global_mean,-0.1777259934154013
gene_holdout,A549,cc_cc_mitosis,global_mean,-0.1656789293489039
gene_holdout,ES2,cc_cc_mitosis,global_mean,-0.013028272904492664
gene_holdout,HCC44,cc_cc_mitosis,global_mean,-0.04118533244814933
gene_holdout,A549,cc_cc_n_objects,global_mean,-0.27648284590622085
gene_holdout,ES2,cc_cc_n_objects,global_mean,-0.18799234514627766
gene_holdout,HCC44,cc_cc_n_objects,global_mean,-0.17728626649170715
gene_holdout,A549,cc_cc_n_spots_h2ax_mean,global_mean,-0.1311948898535815
gene_holdout,ES2,cc_cc_n_spots_h2ax_mean,global_mean,-0.2068460912630163
gene_holdout,HCC44,cc_cc_n_spots_h2ax_mean,global_mean,-0.1378198665634532
gene_holdout,A549,cc_cc_n_spots_h2ax_per_nucleus_area_mean,global_mean,-0.13236507224556102
gene_holdout,ES2,cc_cc_n_spots_h2ax_per_nucleus_area_mean,global_mean,-0.23059497924930902
gene_holdout,HCC44,cc_cc_n_spots_h2ax_per_nucleus_area_mean,global_mean,-0.1254530010979055
gene_holdout,A549,cc_cc_s,global_mean,0.051528000421980885
gene_holdout,ES2,cc_cc_s,global_mean,-0.16864799461054142
gene_holdout,HCC44,cc_cc_s,global_mean,-0.02149574176571105
gene_holdout,A549,cc_early_mitosis_high_h2ax,global_mean,0.07878982610365239
gene_holdout,ES2,cc_early_mitosis_high_h2ax,global_mean,-0.1841874353189405
gene_holdout,HCC44,cc_early_mitosis_high_h2ax,global_mean,-0.194828100050978
gene_holdout,A549,cc_early_mitosis_n_objects,global_mean,-0.044448760361185426
gene_holdout,ES2,cc_early_mitosis_n_objects,global_mean,-0.19132118698184677
gene_holdout,HCC44,cc_early_mitosis_n_objects,global_mean,-0.10187855023836745
gene_holdout,A549,cc_early_mitosis_n_spots_h2ax_mean,global_mean,0.02438849078439338
gene_holdout,ES2,cc_early_mitosis_n_spots_h2ax_mean,global_mean,-0.24053062726071295
gene_holdout,HCC44,cc_early_mitosis_n_spots_h2ax_mean,global_mean,-0.19626720634670441
gene_holdout,A549,cc_early_mitosis_n_spots_h2ax_per_nucleus_area_mean,global_mean,0.04418347056424597
gene_holdout,ES2,cc_early_mitosis_n_spots_h2ax_per_nucleus_area_mean,global_mean,-0.20279769627958397
gene_holdout,HCC44,cc_early_mitosis_n_spots_h2ax_per_nucleus_area_mean,global_mean,-0.20369532066100926
gene_holdout,A549,cc_g1_high_h2ax,global_mean,-0.14123229285559227
gene_holdout,ES2,cc_g1_high_h2ax,global_mean,-0.1856519803623186
gene_holdout,HCC44,cc_g1_high_h2ax,global_mean,-0.09964720865863008
gene_holdout,A549,cc_g1_n_objects,global_mean,-0.18689484489044594
gene_holdout,ES2,cc_g1_n_objects,global_mean,-0.21671632535188715
gene_holdout,HCC44,cc_g1_n_objects,global_mean,-0.18951503589857405
gene_holdout,A549,cc_g1_n_spots_h2ax_mean,global_mean,-0.12025986247014539
gene_holdout,ES2,cc_g1_n_spots_h2ax_mean,global_mean,-0.2296428432657729
gene_holdout,HCC44,cc_g1_n_spots_h2ax_mean,global_mean,-0.10879425549283037
gene_holdout,A549,cc_g1_n_spots_h2ax_per_nucleus_area_mean,global_mean,-0.1334044267924745
gene_holdout,ES2,cc_g1_n_spots_h2ax_per_nucleus_area_mean,global_mean,-0.2733575140518656
gene_holdout,HCC44,cc_g1_n_spots_h2ax_per_nucleus_area_mean,global_mean,-0.13982952762793982
gene_holdout,A549,cc_g1_plus_g2_count,global_mean,0.04782484558525062
gene_holdout,ES2,cc_g1_plus_g2_count,global_mean,-0.24519682040140153
gene_holdout,HCC44,cc_g1_plus_g2_count,global_mean,-0.14182101815838943
gene_holdout,A549,cc_g2_g1_count,global_mean,0.021957273330249563
gene_holdout,ES2,cc_g2_g1_count,global_mean,-0.17381569449064982
gene_holdout,HCC44,cc_g2_g1_count,global_mean,0.054562479606151425
gene_holdout,A549,cc_g2_high_h2ax,global_mean,-0.20522527962692041
gene_holdout,ES2,cc_g2_high_h2ax,global_mean,-0.10892871744470378
gene_holdout,HCC44,cc_g2_high_h2ax,global_mean,-0.14193730957622594
gene_holdout,A549,cc_g2_n_objects,global_mean,-0.18104393293054824
gene_holdout,ES2,cc_g2_n_objects,global_mean,-0.2243733883950576
gene_holdout,HCC44,cc_g2_n_objects,global_mean,-0.2193219799327857
gene_holdout,A549,cc_g2_n_spots_h2ax_mean,global_mean,-0.15356281725306611
gene_holdout,ES2,cc_g2_n_spots_h2ax_mean,global_mean,-0.11363851986708105
gene_holdout,HCC44,cc_g2_n_spots_h2ax_mean,global_mean,-0.14099607591311197
gene_holdout,A549,cc_g2_n_spots_h2ax_per_nucleus_area_mean,global_mean,-0.14028015687205617
gene_holdout,ES2,cc_g2_n_spots_h2ax_per_nucleus_area_mean,global_mean,-0.22095369388930378
gene_holdout,HCC44,cc_g2_n_spots_h2ax_per_nucleus_area_mean,global_mean,-0.08188006047730104
gene_holdout,A549,cc_g2_plus_all_m_count,global_mean,-0.05405733875992423
gene_holdout,ES2,cc_g2_plus_all_m_count,global_mean,-0.21783563024856323
gene_holdout,HCC44,cc_g2_plus_all_m_count,global_mean,-0.010673371693304033
gene_holdout,A549,cc_infection_percentage,global_mean,-0.17256556174890772
gene_holdout,ES2,cc_infection_percentage,global_mean,0.034734792865032324
gene_holdout,HCC44,cc_infection_percentage,global_mean,0.06103845793692016
gene_holdout,A549,cc_late_mitosis_high_h2ax,global_mean,-0.1299176791937836
gene_holdout,ES2,cc_late_mitosis_high_h2ax,global_mean,0.08704188672923828
gene_holdout,HCC44,cc_late_mitosis_high_h2ax,global_mean,-0.05945663450482492
gene_holdout,A549,cc_late_mitosis_n_objects,global_mean,0.04439251074097615
gene_holdout,ES2,cc_late_mitosis_n_objects,global_mean,-0.09838617359646579
gene_holdout,HCC44,cc_late_mitosis_n_objects,global_mean,-0.07436472759961879
gene_holdout,A549,cc_late_mitosis_n_spots_h2ax_mean,global_mean,-0.08888948969418141
gene_holdout,ES2,cc_late_mitosis_n_spots_h2ax_mean,global_mean,0.044754025333006174
gene_holdout,HCC44,cc_late_mitosis_n_spots_h2ax_mean,global_mean,-0.17536745809740528
gene_holdout,A549,cc_late_mitosis_n_spots_h2ax_per_nucleus_area_mean,global_mean,-0.03312603940590025
gene_holdout,ES2,cc_late_mitosis_n_spots_h2ax_per_nucleus_area_mean,global_mean,-0.11881348796080422
gene_holdout,HCC44,cc_late_mitosis_n_spots_h2ax_per_nucleus_area_mean,global_mean,-0.2552160528693754
gene_holdout,A549,cc_mitosis_high_h2ax,global_mean,-0.05600172567057617
gene_holdout,ES2,cc_mitosis_high_h2ax,global_mean,-0.14646014545858696
gene_holdout,HCC44,cc_mitosis_high_h2ax,global_mean,-0.21713058668414997
gene_holdout,A549,cc_mitosis_n_objects,global_mean,-0.11829017658054007
gene_holdout,ES2,cc_mitosis_n_objects,global_mean,-0.0839333308234763
gene_holdout,HCC44,cc_mitosis_n_objects,global_mean,-0.16989085913866875
gene_holdout,A549,cc_mitosis_n_spots_h2ax_mean,global_mean,0.008529248676944013
gene_holdout,ES2,cc_mitosis_n_spots_h2ax_mean,global_mean,-0.1382923004484139
gene_holdout,HCC44,cc_mitosis_n_spots_h2ax_mean,global_mean,0.025053532330145723
gene_holdout,A549,cc_mitosis_n_spots_h2ax_per_nucleus_area_mean,global_mean,-0.1110692063542564
gene_holdout,ES2,cc_mitosis_n_spots_h2ax_per_nucleus_area_mean,global_mean,-0.06964765696362675
gene_holdout,HCC44,cc_mitosis_n_spots_h2ax_per_nucleus_area_mean,global_mean,-0.20712591748718528
gene_holdout,A549,cc_polynuclear_high_h2ax,global_mean,-0.059450353262090784
gene_holdout,ES2,cc_polynuclear_high_h2ax,global_mean,-0.20396787867156352
gene_holdout,HCC44,cc_polynuclear_high_h2ax,global_mean,-0.0532796399031428
gene_holdout,A549,cc_polynuclear_n_objects,global_mean,0.13496709271965215
gene_holdout,ES2,cc_polynuclear_n_objects,global_mean,-0.18426011745508827
gene_holdout,HCC44,cc_polynuclear_n_objects,global_mean,-0.16354934275977343
gene_holdout,A549,cc_polynuclear_n_spots_h2ax_mean,global_mean,-0.08939539335498327
gene_holdout,ES2,cc_polynuclear_n_spots_h2ax_mean,global_mean,-0.11100742653853078
gene_holdout,HCC44,cc_polynuclear_n_spots_h2ax_mean,global_mean,-0.16236462394056436
gene_holdout,A549,cc_polynuclear_n_spots_h2ax_per_nucleus_area_mean,global_mean,-0.05449343157681101
gene_holdout,ES2,cc_polynuclear_n_spots_h2ax_per_nucleus_area_mean,global_mean,-0.1754437743403605
gene_holdout,HCC44,cc_polynuclear_n_spots_h2ax_per_nucleus_area_mean,global_mean,-0.1719586659120736
gene_holdout,A549,cc_polyploid_high_h2ax,global_mean,-0.14293407274902586
gene_holdout,ES2,cc_polyploid_high_h2ax,global_mean,-0.09461033662358773
gene_holdout,HCC44,cc_polyploid_high_h2ax,global_mean,-0.14035283900820394
gene_holdout,A549,cc_polyploid_n_objects,global_mean,-0.03799458667126104
gene_holdout,ES2,cc_polyploid_n_objects,global_mean,-0.12224045068017286
gene_holdout,HCC44,cc_polyploid_n_objects,global_mean,-0.2714205351235268
gene_holdout,A549,cc_polyploid_n_spots_h2ax_mean,global_mean,-0.2297155254019207
gene_holdout,ES2,cc_polyploid_n_spots_h2ax_mean,global_mean,-0.21181754937552563
gene_holdout,HCC44,cc_polyploid_n_spots_h2ax_mean,global_mean,-0.0453899940242994
gene_holdout,A549,cc_polyploid_n_spots_h2ax_per_nucleus_area_mean,global_mean,-0.29136814738928973
gene_holdout,ES2,cc_polyploid_n_spots_h2ax_per_nucleus_area_mean,global_mean,-0.2656677440474286
gene_holdout,HCC44,cc_polyploid_n_spots_h2ax_per_nucleus_area_mean,global_mean,-0.04670190658176715
gene_holdout,A549,cc_s_high_h2ax,global_mean,-0.07009101799412831
gene_holdout,ES2,cc_s_high_h2ax,global_mean,-0.09773203437113562
gene_holdout,HCC44,cc_s_high_h2ax,global_mean,-0.09523540299445878
gene_holdout,A549,cc_s_intensity_nucleus_area_mean,global_mean,0.03217274756582247
gene_holdout,ES2,cc_s_intensity_nucleus_area_mean,global_mean,-0.09161946672110587
gene_holdout,HCC44,cc_s_intensity_nucleus_area_mean,global_mean,-0.12263293421537096
gene_holdout,A549,cc_s_intensity_nucleus_area_sum,global_mean,-0.2650390435697502
gene_holdout,ES2,cc_s_intensity_nucleus_area_sum,global_mean,-0.17531294649529444
gene_holdout,HCC44,cc_s_intensity_nucleus_area_sum,global_mean,-0.12486790990191575
gene_holdout,A549,cc_s_n_objects,global_mean,-0.28350394025809805
gene_holdout,ES2,cc_s_n_objects,global_mean,-0.17855820387429358
gene_holdout,HCC44,cc_s_n_objects,global_mean,-0.133520718210311
gene_holdout,A549,cc_s_n_spots_h2ax_mean,global_mean,-0.0753713751852658
gene_holdout,ES2,cc_s_n_spots_h2ax_mean,global_mean,-0.20867404698713338
gene_holdout,HCC44,cc_s_n_spots_h2ax_mean,global_mean,-0.1160224939327288
gene_holdout,A549,cc_s_n_spots_h2ax_per_nucleus_area_mean,global_mean,-0.03761300545648509
gene_holdout,ES2,cc_s_n_spots_h2ax_per_nucleus_area_mean,global_mean,-0.19163372016728233
gene_holdout,HCC44,cc_s_n_spots_h2ax_per_nucleus_area_mean,global_mean,-0.14010571974530142
gene_holdout,A549,vb_infection_percentage,global_mean,-0.17256556174890772
gene_holdout,ES2,vb_infection_percentage,global_mean,0.034734792865032324
gene_holdout,HCC44,vb_infection_percentage,global_mean,0.06103845793692016
gene_holdout,A549,vb_live_cell_area,global_mean,-0.08692420072595816
gene_holdout,ES2,vb_live_cell_area,global_mean,-0.28033136501524675
gene_holdout,HCC44,vb_live_cell_area,global_mean,-0.13205980727374025
gene_holdout,A549,vb_live_cell_roundness,global_mean,-0.19351255338670287
gene_holdout,ES2,vb_live_cell_roundness,global_mean,-0.11592800715573666
gene_holdout,HCC44,vb_live_cell_roundness,global_mean,-0.10782394897525727
gene_holdout,A549,vb_live_cell_width_length,global_mean,-0.12995929353906893
gene_holdout,ES2,vb_live_cell_width_length,global_mean,-0.0872330998045863
gene_holdout,HCC44,vb_live_cell_width_length,global_mean,-0.07417211993882714
gene_holdout,A549,vb_num_live_cells,global_mean,-0.2677319167140261
gene_holdout,ES2,vb_num_live_cells,global_mean,-0.11776323109346853
gene_holdout,HCC44,vb_num_live_cells,global_mean,-0.09684167820332511
gene_holdout,A549,vb_percent_all_apoptosis,global_mean,-0.041165998749215636
gene_holdout,ES2,vb_percent_all_apoptosis,global_mean,-0.145713146549104
gene_holdout,HCC44,vb_percent_all_apoptosis,global_mean,-0.115884397874048
gene_holdout,A549,vb_percent_caspase_dead_only,global_mean,-0.04995461005039229
gene_holdout,ES2,vb_percent_caspase_dead_only,global_mean,-0.2801278550340329
gene_holdout,HCC44,vb_percent_caspase_dead_only,global_mean,-0.06280463384531164
gene_holdout,A549,vb_percent_dead,global_mean,0.019733199964126966
gene_holdout,ES2,vb_percent_dead,global_mean,-0.010259083517261586
gene_holdout,HCC44,vb_percent_dead,global_mean,-0.15875232177401882
gene_holdout,A549,vb_percent_dead_only,global_mean,-0.10973185504913695
gene_holdout,ES2,vb_percent_dead_only,global_mean,-0.06793235855053874
gene_holdout,HCC44,vb_percent_dead_only,global_mean,-0.0561832912422473
gene_holdout,A549,vb_percent_early_apoptosis,global_mean,-0.03045388722034591
gene_holdout,ES2,vb_percent_early_apoptosis,global_mean,-0.12063780957811394
gene_holdout,HCC44,vb_percent_early_apoptosis,global_mean,-0.18111661506669607
gene_holdout,A549,vb_percent_late_apoptosis,global_mean,-0.03765002582768801
gene_holdout,ES2,vb_percent_late_apoptosis,global_mean,-0.07553127588479093
gene_holdout,HCC44,vb_percent_late_apoptosis,global_mean,-0.1134059370314081
gene_holdout,A549,vb_percent_live,global_mean,0.01421662583050915
gene_holdout,ES2,vb_percent_live,global_mean,-0.01044442296443847
gene_holdout,HCC44,vb_percent_live,global_mean,-0.1570333892541234
gene_holdout,A549,vb_ros_back_mean,global_mean,-0.17301425300278883
gene_holdout,ES2,vb_ros_back_mean,global_mean,-0.050246474774764606
gene_holdout,HCC44,vb_ros_back_mean,global_mean,-0.2059703871937812
gene_holdout,A549,vb_ros_mean,global_mean,0.033390437018057204
gene_holdout,ES2,vb_ros_mean,global_mean,-0.09518137145952753
gene_holdout,HCC44,vb_ros_mean,global_mean,-0.19491111102007258
gene_holdout,A549,cc_all_high_h2ax,cell_line_mean,-0.12206964766022554
gene_holdout,ES2,cc_all_high_h2ax,cell_line_mean,-0.23153984701923042
gene_holdout,HCC44,cc_all_high_h2ax,cell_line_mean,-0.20952079387325523
gene_holdout,A549,cc_all_large_notround_polynuclear_mean,cell_line_mean,-0.20845963468549739
gene_holdout,ES2,cc_all_large_notround_polynuclear_mean,cell_line_mean,-0.19732473142765483
gene_holdout,HCC44,cc_all_large_notround_polynuclear_mean,cell_line_mean,-0.22804747037732875
gene_holdout,A549,cc_all_large_round_polyploid_mean,cell_line_mean,-0.20948808691198872
gene_holdout,ES2,cc_all_large_round_polyploid_mean,cell_line_mean,-0.08467832271899123
gene_holdout,HCC44,cc_all_large_round_polyploid_mean,cell_line_mean,-0.3615027746651067
gene_holdout,A549,cc_all_n_objects,cell_line_mean,-0.24609081067601943
gene_holdout,ES2,cc_all_n_objects,cell_line_mean,-0.1504120466510591
gene_holdout,HCC44,cc_all_n_objects,cell_line_mean,-0.1605657410709064
gene_holdout,A549,cc_all_n_spots_h2ax_mean,cell_line_mean,-0.16429796876209576
gene_holdout,ES2,cc_all_n_spots_h2ax_mean,cell_line_mean,-0.22599783413796087
gene_holdout,HCC44,cc_all_n_spots_h2ax_mean,cell_line_mean,-0.21133421317014278
gene_holdout,A549,cc_all_n_spots_h2ax_per_nucleus_area_mean,cell_line_mean,-0.1598716266706949
gene_holdout,ES2,cc_all_n_spots_h2ax_per_nucleus_area_mean,cell_line_mean,-0.22131347046323535
gene_holdout,HCC44,cc_all_n_spots_h2ax_per_nucleus_area_mean,cell_line_mean,-0.18488518382595934
gene_holdout,A549,cc_all_nucleus_area_mean,cell_line_mean,-0.1642180184123332
gene_holdout,ES2,cc_all_nucleus_area_mean,cell_line_mean,-0.16336763741940397
gene_holdout,HCC44,cc_all_nucleus_area_mean,cell_line_mean,-0.32091706984017676
gene_holdout,A549,cc_all_nucleus_roundness_mean,cell_line_mean,-0.08819250400173723
gene_holdout,ES2,cc_all_nucleus_roundness_mean,cell_line_mean,-0.1858373198094955
gene_holdout,HCC44,cc_all_nucleus_roundness_mean,cell_line_mean,-0.3023940274429106
gene_holdout,A549,cc_cc_early_mitosis,cell_line_mean,-0.1989528112773655
gene_holdout,ES2,cc_cc_early_mitosis,cell_line_mean,-0.158763224094441
gene_holdout,HCC44,cc_cc_early_mitosis,cell_line_mean,-0.20091159484654864
gene_holdout,A549,cc_cc_g1,cell_line_mean,-0.12937056823627177
gene_holdout,ES2,cc_cc_g1,cell_line_mean,-0.2537805806804564
gene_holdout,HCC44,cc_cc_g1,cell_line_mean,-0.09029301773640856
gene_holdout,A549,cc_cc_g2,cell_line_mean,-0.06908437040848131
gene_holdout,ES2,cc_cc_g2,cell_line_mean,-0.23245564193469267
gene_holdout,HCC44,cc_cc_g2,cell_line_mean,-0.17460066156104603
gene_holdout,A549,cc_cc_high_h2ax,cell_line_mean,-0.14722130087417076
gene_holdout,ES2,cc_cc_high_h2ax,cell_line_mean,-0.18374044018163152
gene_holdout,HCC44,cc_cc_high_h2ax,cell_line_mean,-0.12721190879268218
gene_holdout,A549,cc_cc_late_mitosis,cell_line_mean,-0.19465729703103068
gene_holdout,ES2,cc_cc_late_mitosis,cell_line_mean,-0.17050865729592501
gene_holdout,HCC44,cc_cc_late_mitosis,cell_line_mean,-0.1777259934154013
gene_holdout,A549,cc_cc_mitosis,cell_line_mean,-0.19488987986670364
gene_holdout,ES2,cc_cc_mitosis,cell_line_mean,-0.1815345373495459
gene_holdout,HCC44,cc_cc_mitosis,cell_line_mean,-0.1195076023610157
gene_holdout,A549,cc_cc_n_objects,cell_line_mean,-0.27648284590622085
gene_holdout,ES2,cc_cc_n_objects,cell_line_mean,-0.16287339889359895
gene_holdout,HCC44,cc_cc_n_objects,cell_line_mean,-0.1955803601601077
gene_holdout,A549,cc_cc_n_spots_h2ax_mean,cell_line_mean,-0.1619612380849441
gene_holdout,ES2,cc_cc_n_spots_h2ax_mean,cell_line_mean,-0.19396681673762664
gene_holdout,HCC44,cc_cc_n_spots_h2ax_mean,cell_line_mean,-0.147065034281453
gene_holdout,A549,cc_cc_n_spots_h2ax_per_nucleus_area_mean,cell_line_mean,-0.16101637031502272
gene_holdout,ES2,cc_cc_n_spots_h2ax_per_nucleus_area_mean,cell_line_mean,-0.1870220386287046
gene_holdout,HCC44,cc_cc_n_spots_h2ax_per_nucleus_area_mean,cell_line_mean,-0.11798854571552671
gene_holdout,A549,cc_cc_s,cell_line_mean,-0.18601902514986496
gene_holdout,ES2,cc_cc_s,cell_line_mean,-0.16777580897676786
gene_holdout,HCC44,cc_cc_s,cell_line_mean,-0.04783574790567278
gene_holdout,A549,cc_early_mitosis_high_h2ax,cell_line_mean,-0.19157382538248482
gene_holdout,ES2,cc_early_mitosis_high_h2ax,cell_line_mean,-0.21248259092127797
gene_holdout,HCC44,cc_early_mitosis_high_h2ax,cell_line_mean,-0.277649394191393
gene_holdout,A549,cc_early_mitosis_n_objects,cell_line_mean,-0.08823247917661851
gene_holdout,ES2,cc_early_mitosis_n_objects,cell_line_mean,-0.2249875524455065
gene_holdout,HCC44,cc_early_mitosis_n_objects,cell_line_mean,-0.10711166404100886
gene_holdout,A549,cc_early_mitosis_n_spots_h2ax_mean,cell_line_mean,-0.017534565345656096
gene_holdout,ES2,cc_early_mitosis_n_spots_h2ax_mean,cell_line_mean,-0.23430176819284673
gene_holdout,HCC44,cc_early_mitosis_n_spots_h2ax_mean,cell_line_mean,-0.25753824711929746
gene_holdout,A549,cc_early_mitosis_n_spots_h2ax_per_nucleus_area_mean,cell_line_mean,-0.11523025864871782
gene_holdout,ES2,cc_early_mitosis_n_spots_h2ax_per_nucleus_area_mean,cell_line_mean,-0.2069187733991641
gene_holdout,HCC44,cc_early_mitosis_n_spots_h2ax_per_nucleus_area_mean,cell_line_mean,-0.20369532066100926
gene_holdout,A549,cc_g1_high_h2ax,cell_line_mean,-0.17945582825571887
gene_holdout,ES2,cc_g1_high_h2ax,cell_line_mean,-0.19858940059662653
gene_holdout,HCC44,cc_g1_high_h2ax,cell_line_mean,-0.1399494531525837
gene_holdout,A549,cc_g1_n_objects,cell_line_mean,-0.203291934805389
gene_holdout,ES2,cc_g1_n_objects,cell_line_mean,-0.19578387014132154
gene_holdout,HCC44,cc_g1_n_objects,cell_line_mean,-0.21025851755515537
gene_holdout,A549,cc_g1_n_spots_h2ax_mean,cell_line_mean,-0.17043234105296987
gene_holdout,ES2,cc_g1_n_spots_h2ax_mean,cell_line_mean,-0.2171778569164257
gene_holdout,HCC44,cc_g1_n_spots_h2ax_mean,cell_line_mean,-0.13356432749199967
gene_holdout,A549,cc_g1_n_spots_h2ax_per_nucleus_area_mean,cell_line_mean,-0.1730961413427866
gene_holdout,ES2,cc_g1_n_spots_h2ax_per_nucleus_area_mean,cell_line_mean,-0.28190493326284655
gene_holdout,HCC44,cc_g1_n_spots_h2ax_per_nucleus_area_mean,cell_line_mean,-0.1406290311255656
gene_holdout,A549,cc_g1_plus_g2_count,cell_line_mean,-0.17308523902236447
gene_holdout,ES2,cc_g1_plus_g2_count,cell_line_mean,-0.24519682040140153
gene_holdout,HCC44,cc_g1_plus_g2_count,cell_line_mean,-0.1590902937071061
gene_holdout,A549,cc_g2_g1_count,cell_line_mean,-0.02950167906239092
gene_holdout,ES2,cc_g2_g1_count,cell_line_mean,-0.3377720572128509
gene_holdout,HCC44,cc_g2_g1_count,cell_line_mean,-0.11160342005494273
gene_holdout,A549,cc_g2_high_h2ax,cell_line_mean,-0.16894235726194
gene_holdout,ES2,cc_g2_high_h2ax,cell_line_mean,-0.1073805879447557
gene_holdout,HCC44,cc_g2_high_h2ax,cell_line_mean,-0.19062707258163533
gene_holdout,A549,cc_g2_n_objects,cell_line_mean,-0.21331480138017025
gene_holdout,ES2,cc_g2_n_objects,cell_line_mean,-0.20902292124064284
gene_holdout,HCC44,cc_g2_n_objects,cell_line_mean,-0.2365912554815023
gene_holdout,A549,cc_g2_n_spots_h2ax_mean,cell_line_mean,-0.17361581861624337
gene_holdout,ES2,cc_g2_n_spots_h2ax_mean,cell_line_mean,-0.07675233577207392
gene_holdout,HCC44,cc_g2_n_spots_h2ax_mean,cell_line_mean,-0.19111040878701818
gene_holdout,A549,cc_g2_n_spots_h2ax_per_nucleus_area_mean,cell_line_mean,-0.16669284514816568
gene_holdout,ES2,cc_g2_n_spots_h2ax_per_nucleus_area_mean,cell_line_mean,-0.2432816461139071
gene_holdout,HCC44,cc_g2_n_spots_h2ax_per_nucleus_area_mean,cell_line_mean,-0.178692665826167
gene_holdout,A549,cc_g2_plus_all_m_count,cell_line_mean,-0.19500253717773275
gene_holdout,ES2,cc_g2_plus_all_m_count,cell_line_mean,-0.21783563024856323
gene_holdout,HCC44,cc_g2_plus_all_m_count,cell_line_mean,-0.09219365559667346
gene_holdout,A549,cc_infection_percentage,cell_line_mean,-0.17082119048136055
gene_holdout,ES2,cc_infection_percentage,cell_line_mean,-0.15322847942678625
gene_holdout,HCC44,cc_infection_percentage,cell_line_mean,-0.06153269646272517
gene_holdout,A549,cc_late_mitosis_high_h2ax,cell_line_mean,-0.14571683650793424
gene_holdout,ES2,cc_late_mitosis_high_h2ax,cell_line_mean,-0.06262880654415233
gene_holdout,HCC44,cc_late_mitosis_high_h2ax,cell_line_mean,-0.11535393415747208
gene_holdout,A549,cc_late_mitosis_n_objects,cell_line_mean,-0.13173115513849404
gene_holdout,ES2,cc_late_mitosis_n_objects,cell_line_mean,-0.2211753744045545
gene_holdout,HCC44,cc_late_mitosis_n_objects,cell_line_mean,-0.09313852336659482
gene_holdout,A549,cc_late_mitosis_n_spots_h2ax_mean,cell_line_mean,-0.15678246301608814
gene_holdout,ES2,cc_late_mitosis_n_spots_h2ax_mean,cell_line_mean,-0.13977138191902155
gene_holdout,HCC44,cc_late_mitosis_n_spots_h2ax_mean,cell_line_mean,-0.21194837722059168
gene_holdout,A549,cc_late_mitosis_n_spots_h2ax_per_nucleus_area_mean,cell_line_mean,-0.14197974563970733
gene_holdout,ES2,cc_late_mitosis_n_spots_h2ax_per_nucleus_area_mean,cell_line_mean,-0.1221277933691438
gene_holdout,HCC44,cc_late_mitosis_n_spots_h2ax_per_nucleus_area_mean,cell_line_mean,-0.2560300927942307
gene_holdout,A549,cc_mitosis_high_h2ax,cell_line_mean,-0.1696153584104375
gene_holdout,ES2,cc_mitosis_high_h2ax,cell_line_mean,-0.14922972199894063
gene_holdout,HCC44,cc_mitosis_high_h2ax,cell_line_mean,-0.2547346985654901
gene_holdout,A549,cc_mitosis_n_objects,cell_line_mean,-0.1930364853949348
gene_holdout,ES2,cc_mitosis_n_objects,cell_line_mean,-0.15824354682098424
gene_holdout,HCC44,cc_mitosis_n_objects,cell_line_mean,-0.18594634301371718
gene_holdout,A549,cc_mitosis_n_spots_h2ax_mean,cell_line_mean,-0.1247043750955832
gene_holdout,ES2,cc_mitosis_n_spots_h2ax_mean,cell_line_mean,-0.12119746202645199
gene_holdout,HCC44,cc_mitosis_n_spots_h2ax_mean,cell_line_mean,-0.23310614705321545
gene_holdout,A549,cc_mitosis_n_spots_h2ax_per_nucleus_area_mean,cell_line_mean,-0.18652780010289957
gene_holdout,ES2,cc_mitosis_n_spots_h2ax_per_nucleus_area_mean,cell_line_mean,-0.12187703999943389
gene_holdout,HCC44,cc_mitosis_n_spots_h2ax_per_nucleus_area_mean,cell_line_mean,-0.30317536040649945
gene_holdout,A549,cc_polynuclear_high_h2ax,cell_line_mean,-0.06904439523360002
gene_holdout,ES2,cc_polynuclear_high_h2ax,cell_line_mean,-0.14113417197179276
gene_holdout,HCC44,cc_polynuclear_high_h2ax,cell_line_mean,-0.1827119879551402
gene_holdout,A549,cc_polynuclear_n_objects,cell_line_mean,-0.12955954179025606
gene_holdout,ES2,cc_polynuclear_n_objects,cell_line_mean,-0.14204633278044762
gene_holdout,HCC44,cc_polynuclear_n_objects,cell_line_mean,-0.24483704382746996
gene_holdout,A549,cc_polynuclear_n_spots_h2ax_mean,cell_line_mean,-0.12546026931152027
gene_holdout,ES2,cc_polynuclear_n_spots_h2ax_mean,cell_line_mean,-0.11028060517705282
gene_holdout,HCC44,cc_polynuclear_n_spots_h2ax_mean,cell_line_mean,-0.2287234142435033
gene_holdout,A549,cc_polynuclear_n_spots_h2ax_per_nucleus_area_mean,cell_line_mean,-0.14755563870045066
gene_holdout,ES2,cc_polynuclear_n_spots_h2ax_per_nucleus_area_mean,cell_line_mean,-0.1647595003266343
gene_holdout,HCC44,cc_polynuclear_n_spots_h2ax_per_nucleus_area_mean,cell_line_mean,-0.20221623919040158
gene_holdout,A549,cc_polyploid_high_h2ax,cell_line_mean,-0.1514815528310403
gene_holdout,ES2,cc_polyploid_high_h2ax,cell_line_mean,-0.08231978740099521
gene_holdout,HCC44,cc_polyploid_high_h2ax,cell_line_mean,-0.19573662675282547
gene_holdout,A549,cc_polyploid_n_objects,cell_line_mean,-0.20280133038639137
gene_holdout,ES2,cc_polyploid_n_objects,cell_line_mean,-0.22166961293035958
gene_holdout,HCC44,cc_polyploid_n_objects,cell_line_mean,-0.351661613430695
gene_holdout,A549,cc_polyploid_n_spots_h2ax_mean,cell_line_mean,-0.2297155254019207
gene_holdout,ES2,cc_polyploid_n_spots_h2ax_mean,cell_line_mean,-0.22071384284001597
gene_holdout,HCC44,cc_polyploid_n_spots_h2ax_mean,cell_line_mean,-0.12711378790888267
gene_holdout,A549,cc_polyploid_n_spots_h2ax_per_nucleus_area_mean,cell_line_mean,-0.29136814738928973
gene_holdout,ES2,cc_polyploid_n_spots_h2ax_per_nucleus_area_mean,cell_line_mean,-0.2656677440474286
gene_holdout,HCC44,cc_polyploid_n_spots_h2ax_per_nucleus_area_mean,cell_line_mean,-0.12815677656260357
gene_holdout,A549,cc_s_high_h2ax,cell_line_mean,-0.14498995929443342
gene_holdout,ES2,cc_s_high_h2ax,cell_line_mean,-0.15462034233401656
gene_holdout,HCC44,cc_s_high_h2ax,cell_line_mean,-0.14094519841780848
gene_holdout,A549,cc_s_intensity_nucleus_area_mean,cell_line_mean,-0.17508036365962149
gene_holdout,ES2,cc_s_intensity_nucleus_area_mean,cell_line_mean,-0.10191125719963397
gene_holdout,HCC44,cc_s_intensity_nucleus_area_mean,cell_line_mean,-0.19147018536094979
gene_holdout,A549,cc_s_intensity_nucleus_area_sum,cell_line_mean,-0.2650390435697502
gene_holdout,ES2,cc_s_intensity_nucleus_area_sum,cell_line_mean,-0.1711264554531813
gene_holdout,HCC44,cc_s_intensity_nucleus_area_sum,cell_line_mean,-0.16139068331618386
gene_holdout,A549,cc_s_n_objects,cell_line_mean,-0.28350394025809805
gene_holdout,ES2,cc_s_n_objects,cell_line_mean,-0.1799537008883313
gene_holdout,HCC44,cc_s_n_objects,cell_line_mean,-0.1547075608973939
gene_holdout,A549,cc_s_n_spots_h2ax_mean,cell_line_mean,-0.15612122844546855
gene_holdout,ES2,cc_s_n_spots_h2ax_mean,cell_line_mean,-0.2231523285077746
gene_holdout,HCC44,cc_s_n_spots_h2ax_mean,cell_line_mean,-0.1733250900716522
gene_holdout,A549,cc_s_n_spots_h2ax_per_nucleus_area_mean,cell_line_mean,-0.14122139053517013
gene_holdout,ES2,cc_s_n_spots_h2ax_per_nucleus_area_mean,cell_line_mean,-0.1959873801225354
gene_holdout,HCC44,cc_s_n_spots_h2ax_per_nucleus_area_mean,cell_line_mean,-0.15525994513211716
gene_holdout,A549,vb_infection_percentage,cell_line_mean,-0.17082119048136055
gene_holdout,ES2,vb_infection_percentage,cell_line_mean,-0.15322847942678625
gene_holdout,HCC44,vb_infection_percentage,cell_line_mean,-0.06153269646272517
gene_holdout,A549,vb_live_cell_area,cell_line_mean,-0.14477918109960478
gene_holdout,ES2,vb_live_cell_area,cell_line_mean,-0.28483765745641015
gene_holdout,HCC44,vb_live_cell_area,cell_line_mean,-0.2300425950145858
gene_holdout,A549,vb_live_cell_roundness,cell_line_mean,-0.19351255338670287
gene_holdout,ES2,vb_live_cell_roundness,cell_line_mean,-0.057317132566152944
gene_holdout,HCC44,vb_live_cell_roundness,cell_line_mean,-0.14127226803047357
gene_holdout,A549,vb_live_cell_width_length,cell_line_mean,-0.12995929353906893
gene_holdout,ES2,vb_live_cell_width_length,cell_line_mean,-0.01467452328824027
gene_holdout,HCC44,vb_live_cell_width_length,cell_line_mean,-0.10200937808343348
gene_holdout,A549,vb_num_live_cells,cell_line_mean,-0.23668210815168708
gene_holdout,ES2,vb_num_live_cells,cell_line_mean,-0.08566679977060128
gene_holdout,HCC44,vb_num_live_cells,cell_line_mean,-0.13267397132418918
gene_holdout,A549,vb_percent_all_apoptosis,cell_line_mean,-0.04579233178000614
gene_holdout,ES2,vb_percent_all_apoptosis,cell_line_mean,-0.07122849342484133
gene_holdout,HCC44,vb_percent_all_apoptosis,cell_line_mean,-0.20954986672771436
gene_holdout,A549,vb_percent_caspase_dead_only,cell_line_mean,-0.06630088067505871
gene_holdout,ES2,vb_percent_caspase_dead_only,cell_line_mean,-0.30263024438539093
gene_holdout,HCC44,vb_percent_caspase_dead_only,cell_line_mean,-0.11115279081082638
gene_holdout,A549,vb_percent_dead,cell_line_mean,-0.13551584284756804
gene_holdout,ES2,vb_percent_dead,cell_line_mean,-0.008267592986811942
gene_holdout,HCC44,vb_percent_dead,cell_line_mean,-0.2232722540324185
gene_holdout,A549,vb_percent_dead_only,cell_line_mean,-0.15505643515090334
gene_holdout,ES2,vb_percent_dead_only,cell_line_mean,-0.05604882929037388
gene_holdout,HCC44,vb_percent_dead_only,cell_line_mean,-0.1406108605915286
gene_holdout,A549,vb_percent_early_apoptosis,cell_line_mean,-0.03045388722034591
gene_holdout,ES2,vb_percent_early_apoptosis,cell_line_mean,-0.20717316087568138
gene_holdout,HCC44,vb_percent_early_apoptosis,cell_line_mean,-0.18111661506669607
gene_holdout,A549,vb_percent_late_apoptosis,cell_line_mean,-0.11029264722967837
gene_holdout,ES2,vb_percent_late_apoptosis,cell_line_mean,0.014827155774150648
gene_holdout,HCC44,vb_percent_late_apoptosis,cell_line_mean,-0.21751582884951295
gene_holdout,A549,vb_percent_live,cell_line_mean,-0.13710031341559004
gene_holdout,ES2,vb_percent_live,cell_line_mean,-0.008780002046653912
gene_holdout,HCC44,vb_percent_live,cell_line_mean,-0.22327588813922586
gene_holdout,A549,vb_ros_back_mean,cell_line_mean,-0.2297098521844696
gene_holdout,ES2,vb_ros_back_mean,cell_line_mean,-0.07133287647041281
gene_holdout,HCC44,vb_ros_back_mean,cell_line_mean,-0.2819424900972335
gene_holdout,A549,vb_ros_mean,cell_line_mean,-0.13338548290810626
gene_holdout,ES2,vb_ros_mean,cell_line_mean,0.014306552960172211
gene_holdout,HCC44,vb_ros_mean,cell_line_mean,-0.306772255072185
cell_line_holdout,A549,cc_all_high_h2ax,count,0.5633599202392823
cell_line_holdout,A549,cc_all_large_notround_polynuclear_mean,count,-0.11847315197265348
cell_line_holdout,A549,cc_all_large_round_polyploid_mean,count,0.5595855291269051
cell_line_holdout,A549,cc_all_n_objects,count,0.823529411764706
cell_line_holdout,A549,cc_all_n_spots_h2ax_mean,count,0.5704671699188151
cell_line_holdout,A549,cc_all_n_spots_h2ax_per_nucleus_area_mean,count,0.5428785073351374
cell_line_holdout,A549,cc_all_nucleus_area_mean,count,-0.644559179604045
cell_line_holdout,A549,cc_all_nucleus_roundness_mean,count,-0.6262569434553482
cell_line_holdout,A549,cc_cc_early_mitosis,count,0.018565731377296685
cell_line_holdout,A549,cc_cc_g1,count,0.4437402079475859
cell_line_holdout,A549,cc_cc_g2,count,0.6253026634382568
cell_line_holdout,A549,cc_cc_high_h2ax,count,0.5656245549067086
cell_line_holdout,A549,cc_cc_late_mitosis,count,-0.08095712861415753
cell_line_holdout,A549,cc_cc_mitosis,count,-0.0522646346674263
cell_line_holdout,A549,cc_cc_n_objects,count,0.8242486825238571
cell_line_holdout,A549,cc_cc_n_spots_h2ax_mean,count,0.5544509329155392
cell_line_holdout,A549,cc_cc_n_spots_h2ax_per_nucleus_area_mean,count,0.5186155818259508
cell_line_holdout,A549,cc_cc_s,count,0.6273038028770831
cell_line_holdout,A549,cc_early_mitosis_high_h2ax,count,-0.010933370087637945
cell_line_holdout,A549,cc_early_mitosis_n_objects,count,0.44519299245121785
cell_line_holdout,A549,cc_early_mitosis_n_spots_h2ax_mean,count,0.1410625267055975
cell_line_holdout,A549,cc_early_mitosis_n_spots_h2ax_per_nucleus_area_mean,count,0.15406637231163653
cell_line_holdout,A549,cc_g1_high_h2ax,count,0.5353724540663725
cell_line_holdout,A549,cc_g1_n_objects,count,0.7559749323458198
cell_line_holdout,A549,cc_g1_n_spots_h2ax_mean,count,0.5482125053411196
cell_line_holdout,A549,cc_g1_n_spots_h2ax_per_nucleus_area_mean,count,0.5572639225181599
cell_line_holdout,A549,cc_g1_plus_g2_count,count,0.6540877367896312
cell_line_holdout,A549,cc_g2_g1_count,count,0.48641931348810713
cell_line_holdout,A549,cc_g2_high_h2ax,count,0.41810995584674554
cell_line_holdout,A549,cc_g2_n_objects,count,0.20230024213075062
cell_line_holdout,A549,cc_g2_n_spots_h2ax_mean,count,0.32820111095285576
cell_line_holdout,A549,cc_g2_n_spots_h2ax_per_nucleus_area_mean,count,0.30861700612448373
cell_line_holdout,A549,cc_g2_plus_all_m_count,count,0.5529340549779235
cell_line_holdout,A549,cc_infection_percentage,count,-0.018188292266058968
cell_line_holdout,A549,cc_late_mitosis_high_h2ax,count,-0.02947885954394252
cell_line_holdout,A549,cc_late_mitosis_n_objects,count,0.1414687036548027
cell_line_holdout,A549,cc_late_mitosis_n_spots_h2ax_mean,count,0.07347434935727105
cell_line_holdout,A549,cc_late_mitosis_n_spots_h2ax_per_nucleus_area_mean,count,-0.1106417724346496
cell_line_holdout,A549,cc_mitosis_high_h2ax,count,0.0346713350055733
cell_line_holdout,A549,cc_mitosis_n_objects,count,0.3955419455917961
cell_line_holdout,A549,cc_mitosis_n_spots_h2ax_mean,count,-0.07816550348953141
cell_line_holdout,A549,cc_mitosis_n_spots_h2ax_per_nucleus_area_mean,count,-0.07684802734653184
cell_line_holdout,A549,cc_polynuclear_high_h2ax,count,-0.34490101125195843
cell_line_holdout,A549,cc_polynuclear_n_objects,count,0.41181455633100705
cell_line_holdout,A549,cc_polynuclear_n_spots_h2ax_mean,count,0.47256801025494943
cell_line_holdout,A549,cc_polynuclear_n_spots_h2ax_per_nucleus_area_mean,count,0.46481982623557905
cell_line_holdout,A549,cc_polyploid_high_h2ax,count,0.34310171701280956
cell_line_holdout,A549,cc_polyploid_n_objects,count,-0.28390542657741064
cell_line_holdout,A549,cc_polyploid_n_spots_h2ax_mean,count,0.37635664435265637
cell_line_holdout,A549,cc_polyploid_n_spots_h2ax_per_nucleus_area_mean,count,0.4085529126905
cell_line_holdout,A549,cc_s_high_h2ax,count,0.25341831647913404
cell_line_holdout,A549,cc_s_intensity_nucleus_area_mean,count,0.5096781085315483
cell_line_holdout,A549,cc_s_intensity_nucleus_area_sum,count,0.7987822247543086
cell_line_holdout,A549,cc_s_n_objects,count,0.8155747044580545
cell_line_holdout,A549,cc_s_n_spots_h2ax_mean,count,0.2970089730807578
cell_line_holdout,A549,cc_s_n_spots_h2ax_per_nucleus_area_mean,count,0.28379860418743774
cell_line_holdout,A549,vb_infection_percentage,count,-0.018188292266058968
cell_line_holdout,A549,vb_live_cell_area,count,-0.5766343825665861
cell_line_holdout,A549,vb_live_cell_roundness,count,0.7225181598062954
cell_line_holdout,A549,vb_live_cell_width_length,count,0.7510183734510755
cell_line_holdout,A549,vb_num_live_cells,count,0.7690927218344966
cell_line_holdout,A549,vb_percent_all_apoptosis,count,-0.060371528593601294
cell_line_holdout,A549,vb_percent_caspase_dead_only,count,0.1491637557471205
cell_line_holdout,A549,vb_percent_dead,count,-0.05512747471870105
cell_line_holdout,A549,vb_percent_dead_only,count,-0.055362483976641515
cell_line_holdout,A549,vb_percent_early_apoptosis,count,-0.03889007550929532
cell_line_holdout,A549,vb_percent_late_apoptosis,count,-0.018383090607680796
cell_line_holdout,A549,vb_percent_live,count,-0.05479988605611737
cell_line_holdout,A549,vb_ros_back_mean,count,0.15595260381570844
cell_line_holdout,A549,vb_ros_mean,count,-0.1074664603391772
cell_line_holdout,A549,cc_all_high_h2ax,morphology,0.10799743626264066
cell_line_holdout,A549,cc_all_large_notround_polynuclear_mean,morphology,0.12043868394815554
cell_line_holdout,A549,cc_all_large_round_polyploid_mean,morphology,0.3998575701467028
cell_line_holdout,A549,cc_all_n_objects,morphology,0.742650619569862
cell_line_holdout,A549,cc_all_n_spots_h2ax_mean,morphology,0.24591938470303376
cell_line_holdout,A549,cc_all_n_spots_h2ax_per_nucleus_area_mean,morphology,0.36341689218060114
cell_line_holdout,A549,cc_all_nucleus_area_mean,morphology,-0.1504201680672269
cell_line_holdout,A549,cc_all_nucleus_roundness_mean,morphology,0.4024996439253668
cell_line_holdout,A549,cc_cc_early_mitosis,morphology,0.11581683520865975
cell_line_holdout,A549,cc_cc_g1,morphology,0.10114656031904287
cell_line_holdout,A549,cc_cc_g2,morphology,0.434510753453924
cell_line_holdout,A549,cc_cc_high_h2ax,morphology,-0.019042871385842475
cell_line_holdout,A549,cc_cc_late_mitosis,morphology,-0.00604614727246831
cell_line_holdout,A549,cc_cc_mitosis,morphology,0.22284574846887914
cell_line_holdout,A549,cc_cc_n_objects,morphology,0.731662156387979
cell_line_holdout,A549,cc_cc_n_spots_h2ax_mean,morphology,0.0026563167639937334
cell_line_holdout,A549,cc_cc_n_spots_h2ax_per_nucleus_area_mean,morphology,0.18367041731947018
cell_line_holdout,A549,cc_cc_s,morphology,0.42582253240279166
cell_line_holdout,A549,cc_early_mitosis_high_h2ax,morphology,0.008902033568623244
cell_line_holdout,A549,cc_early_mitosis_n_objects,morphology,0.43052983905426584
cell_line_holdout,A549,cc_early_mitosis_n_spots_h2ax_mean,morphology,0.13343540806152973
cell_line_holdout,A549,cc_early_mitosis_n_spots_h2ax_per_nucleus_area_mean,morphology,0.14896026207093008
cell_line_holdout,A549,cc_g1_high_h2ax,morphology,-0.24407491810283438
cell_line_holdout,A549,cc_g1_n_objects,morphology,0.7029340549779234
cell_line_holdout,A549,cc_g1_n_spots_h2ax_mean,morphology,0.0005839623985187296
cell_line_holdout,A549,cc_g1_n_spots_h2ax_per_nucleus_area_mean,morphology,0.2608175473579262
cell_line_holdout,A549,cc_g1_plus_g2_count,morphology,0.21068223899729385
cell_line_holdout,A549,cc_g2_g1_count,morphology,0.39226605896595934
cell_line_holdout,A549,cc_g2_high_h2ax,morphology,0.01635806865118929
cell_line_holdout,A549,cc_g2_n_objects,morphology,0.10646631533969522
cell_line_holdout,A549,cc_g2_n_spots_h2ax_mean,morphology,0.05900868822105114
cell_line_holdout,A549,cc_g2_n_spots_h2ax_per_nucleus_area_mean,morphology,0.02633527987466173
cell_line_holdout,A549,cc_g2_plus_all_m_count,morphology,0.5359350519868966
cell_line_holdout,A549,cc_infection_percentage,morphology,-0.032224754308503065
cell_line_holdout,A549,cc_late_mitosis_high_h2ax,morphology,-0.07235720069876801
cell_line_holdout,A549,cc_late_mitosis_n_objects,morphology,0.05596791049700955
cell_line_holdout,A549,cc_late_mitosis_n_spots_h2ax_mean,morphology,-0.024690219513831272
cell_line_holdout,A549,cc_late_mitosis_n_spots_h2ax_per_nucleus_area_mean,morphology,-0.009835327430914751
cell_line_holdout,A549,cc_mitosis_high_h2ax,morphology,0.0068929468835565565
cell_line_holdout,A549,cc_mitosis_n_objects,morphology,0.2451573849878935
cell_line_holdout,A549,cc_mitosis_n_spots_h2ax_mean,morphology,-0.1061458481697764
cell_line_holdout,A549,cc_mitosis_n_spots_h2ax_per_nucleus_area_mean,morphology,-0.07591511180743485
cell_line_holdout,A549,cc_polynuclear_high_h2ax,morphology,-0.26184304230166644
cell_line_holdout,A549,cc_polynuclear_n_objects,morphology,0.3138584247258226
cell_line_holdout,A549,cc_polynuclear_n_spots_h2ax_mean,morphology,-0.23772966813844182
cell_line_holdout,A549,cc_polynuclear_n_spots_h2ax_per_nucleus_area_mean,morphology,-0.20315482125053413
cell_line_holdout,A549,cc_polyploid_high_h2ax,morphology,0.044388579894160035
cell_line_holdout,A549,cc_polyploid_n_objects,morphology,-0.13696766842330152
cell_line_holdout,A549,cc_polyploid_n_spots_h2ax_mean,morphology,0.14198832075202966
cell_line_holdout,A549,cc_polyploid_n_spots_h2ax_per_nucleus_area_mean,morphology,0.17698333570716424
cell_line_holdout,A549,cc_s_high_h2ax,morphology,0.11564591938470306
cell_line_holdout,A549,cc_s_intensity_nucleus_area_mean,morphology,0.13078621279020083
cell_line_holdout,A549,cc_s_intensity_nucleus_area_sum,morphology,0.6915895171627975
cell_line_holdout,A549,cc_s_n_objects,morphology,0.6479988605611737
cell_line_holdout,A549,cc_s_n_spots_h2ax_mean,morphology,-0.0627261073921094
cell_line_holdout,A549,cc_s_n_spots_h2ax_per_nucleus_area_mean,morphology,0.0237929069933058
cell_line_holdout,A549,vb_infection_percentage,morphology,-0.032224754308503065
cell_line_holdout,A549,vb_live_cell_area,morphology,0.471193562170631
cell_line_holdout,A549,vb_live_cell_roundness,morphology,0.8090799031476998
cell_line_holdout,A549,vb_live_cell_width_length,morphology,0.8022290272041022
cell_line_holdout,A549,vb_num_live_cells,morphology,0.565346816692779
cell_line_holdout,A549,vb_percent_all_apoptosis,morphology,0.07769079126787684
cell_line_holdout,A549,vb_percent_caspase_dead_only,morphology,0.06584555563905736
cell_line_holdout,A549,vb_percent_dead,morphology,0.1934624697336562
cell_line_holdout,A549,vb_percent_dead_only,morphology,-0.0009898874804158953
cell_line_holdout,A549,vb_percent_early_apoptosis,morphology,0.11338939127585845
cell_line_holdout,A549,vb_percent_late_apoptosis,morphology,-0.016442086785594053
cell_line_holdout,A549,vb_percent_live,morphology,0.1904002278877653
cell_line_holdout,A549,vb_ros_back_mean,morphology,0.15646894420966387
cell_line_holdout,A549,vb_ros_mean,morphology,0.36798333538320993
cell_line_holdout,A549,cc_all_high_h2ax,fusion,0.12597920524141862
cell_line_holdout,A549,cc_all_large_notround_polynuclear_mean,fusion,0.15457199829084178
cell_line_holdout,A549,cc_all_large_round_polyploid_mean,fusion,0.42466172909841904
cell_line_holdout,A549,cc_all_n_objects,fusion,0.7458766557470448
cell_line_holdout,A549,cc_all_n_spots_h2ax_mean,fusion,0.25705739923087884
cell_line_holdout,A549,cc_all_n_spots_h2ax_per_nucleus_area_mean,fusion,0.37146417889189576
cell_line_holdout,A549,cc_all_nucleus_area_mean,fusion,-0.14906708446090303
cell_line_holdout,A549,cc_all_nucleus_roundness_mean,fusion,0.4019156815268481
cell_line_holdout,A549,cc_cc_early_mitosis,fusion,0.11709870388833502
cell_line_holdout,A549,cc_cc_g1,fusion,0.10178749465888051
cell_line_holdout,A549,cc_cc_g2,fusion,0.43315766984760007
cell_line_holdout,A549,cc_cc_high_h2ax,fusion,-0.018672553767269624
cell_line_holdout,A549,cc_cc_late_mitosis,fusion,-0.004785643070787638
cell_line_holdout,A549,cc_cc_mitosis,fusion,0.22424868252385705
cell_line_holdout,A549,cc_cc_n_objects,fusion,0.7321392963965248
cell_line_holdout,A549,cc_cc_n_spots_h2ax_mean,fusion,0.007812277453354224
cell_line_holdout,A549,cc_cc_n_spots_h2ax_per_nucleus_area_mean,fusion,0.18970232160660877
cell_line_holdout,A549,cc_cc_s,fusion,0.4259435977780943
cell_line_holdout,A549,cc_early_mitosis_high_h2ax,fusion,0.009755536307705051
cell_line_holdout,A549,cc_early_mitosis_n_objects,fusion,0.42991739068508766
cell_line_holdout,A549,cc_early_mitosis_n_spots_h2ax_mean,fusion,0.13333570716422163
cell_line_holdout,A549,cc_early_mitosis_n_spots_h2ax_per_nucleus_area_mean,fusion,0.1500783364193135
cell_line_holdout,A549,cc_g1_high_h2ax,fusion,-0.24324170346104546
cell_line_holdout,A549,cc_g1_n_objects,fusion,0.708866258367754
cell_line_holdout,A549,cc_g1_n_spots_h2ax_mean,fusion,0.00037743911123771547
cell_line_holdout,A549,cc_g1_n_spots_h2ax_per_nucleus_area_mean,fusion,0.2620780515596069
cell_line_holdout,A549,cc_g1_plus_g2_count,fusion,0.20811850163794335
cell_line_holdout,A549,cc_g2_g1_count,fusion,0.3878934624697337
cell_line_holdout,A549,cc_g2_high_h2ax,fusion,0.022368608460333287
cell_line_holdout,A549,cc_g2_n_objects,fusion,0.11046859421734798
cell_line_holdout,A549,cc_g2_n_spots_h2ax_mean,fusion,0.06631533969520013
cell_line_holdout,A549,cc_g2_n_spots_h2ax_per_nucleus_area_mean,fusion,0.038513032331576706
cell_line_holdout,A549,cc_g2_plus_all_m_count,fusion,0.536682808716707
cell_line_holdout,A549,cc_infection_percentage,fusion,-0.03557185586098847
cell_line_holdout,A549,cc_late_mitosis_high_h2ax,fusion,-0.08039688966529779
cell_line_holdout,A549,cc_late_mitosis_n_objects,fusion,0.046482065379053486
cell_line_holdout,A549,cc_late_mitosis_n_spots_h2ax_mean,fusion,-0.024176940722348383
cell_line_holdout,A549,cc_late_mitosis_n_spots_h2ax_per_nucleus_area_mean,fusion,-0.009291855769344633
cell_line_holdout,A549,cc_mitosis_high_h2ax,fusion,0.0011269122970392188
cell_line_holdout,A549,cc_mitosis_n_objects,fusion,0.24327731092436977
cell_line_holdout,A549,cc_mitosis_n_spots_h2ax_mean,fusion,-0.10410910126762571
cell_line_holdout,A549,cc_mitosis_n_spots_h2ax_per_nucleus_area_mean,fusion,-0.06807434838342118
cell_line_holdout,A549,cc_polynuclear_high_h2ax,fusion,-0.26148696766842333
cell_line_holdout,A549,cc_polynuclear_n_objects,fusion,0.32305227175616014
cell_line_holdout,A549,cc_polynuclear_n_spots_h2ax_mean,fusion,-0.23369178179746478
cell_line_holdout,A549,cc_polynuclear_n_spots_h2ax_per_nucleus_area_mean,fusion,-0.19870388833499503
cell_line_holdout,A549,cc_polyploid_high_h2ax,fusion,0.05012854385929608
cell_line_holdout,A549,cc_polyploid_n_objects,fusion,-0.11397236860846034
cell_line_holdout,A549,cc_polyploid_n_spots_h2ax_mean,fusion,0.14867540236433557
cell_line_holdout,A549,cc_polyploid_n_spots_h2ax_per_nucleus_area_mean,fusion,0.18208232445520584
cell_line_holdout,A549,cc_s_high_h2ax,fusion,0.11827375017803735
cell_line_holdout,A549,cc_s_intensity_nucleus_area_mean,fusion,0.13464606181455632
cell_line_holdout,A549,cc_s_intensity_nucleus_area_sum,fusion,0.7057755305512037
cell_line_holdout,A549,cc_s_n_objects,fusion,0.654308503062242
cell_line_holdout,A549,cc_s_n_spots_h2ax_mean,fusion,-0.06350235009257942
cell_line_holdout,A549,cc_s_n_spots_h2ax_per_nucleus_area_mean,fusion,0.02449081327446233
cell_line_holdout,A549,vb_infection_percentage,fusion,-0.03557185586098847
cell_line_holdout,A549,vb_live_cell_area,fusion,0.4724042159236577
cell_line_holdout,A549,vb_live_cell_roundness,fusion,0.809279304942316
cell_line_holdout,A549,vb_live_cell_width_length,fusion,0.8016237003275888
cell_line_holdout,A549,vb_num_live_cells,fusion,0.5768551488391968
cell_line_holdout,A549,vb_percent_all_apoptosis,fusion,0.07796519110860096
cell_line_holdout,A549,vb_percent_caspase_dead_only,fusion,0.06683544664423031
cell_line_holdout,A549,vb_percent_dead,fusion,0.19312775957840767
cell_line_holdout,A549,vb_percent_dead_only,fusion,-0.0005554764278592794
cell_line_holdout,A549,vb_percent_early_apoptosis,fusion,0.11369025389722343
cell_line_holdout,A549,vb_percent_late_apoptosis,fusion,-0.014603049393185415
cell_line_holdout,A549,vb_percent_live,fusion,0.19084176043298676
cell_line_holdout,A549,vb_ros_back_mean,fusion,0.16843379747649295
cell_line_holdout,A549,vb_ros_mean,fusion,0.3650490975582495
cell_line_holdout,A549,cc_all_high_h2ax,global_mean,
cell_line_holdout,A549,cc_all_large_notround_polynuclear_mean,global_mean,
cell_line_holdout,A549,cc_all_large_round_polyploid_mean,global_mean,
cell_line_holdout,A549,cc_all_n_objects,global_mean,
cell_line_holdout,A549,cc_all_n_spots_h2ax_mean,global_mean,
cell_line_holdout,A549,cc_all_n_spots_h2ax_per_nucleus_area_mean,global_mean,
cell_line_holdout,A549,cc_all_nucleus_area_mean,global_mean,
cell_line_holdout,A549,cc_all_nucleus_roundness_mean,global_mean,
cell_line_holdout,A549,cc_cc_early_mitosis,global_mean,
cell_line_holdout,A549,cc_cc_g1,global_mean,
cell_line_holdout,A549,cc_cc_g2,global_mean,
cell_line_holdout,A549,cc_cc_high_h2ax,global_mean,
cell_line_holdout,A549,cc_cc_late_mitosis,global_mean,
cell_line_holdout,A549,cc_cc_mitosis,global_mean,
cell_line_holdout,A549,cc_cc_n_objects,global_mean,
cell_line_holdout,A549,cc_cc_n_spots_h2ax_mean,global_mean,
cell_line_holdout,A549,cc_cc_n_spots_h2ax_per_nucleus_area_mean,global_mean,
cell_line_holdout,A549,cc_cc_s,global_mean,
cell_line_holdout,A549,cc_early_mitosis_high_h2ax,global_mean,
cell_line_holdout,A549,cc_early_mitosis_n_objects,global_mean,
cell_line_holdout,A549,cc_early_mitosis_n_spots_h2ax_mean,global_mean,
cell_line_holdout,A549,cc_early_mitosis_n_spots_h2ax_per_nucleus_area_mean,global_mean,
cell_line_holdout,A549,cc_g1_high_h2ax,global_mean,
cell_line_holdout,A549,cc_g1_n_objects,global_mean,
cell_line_holdout,A549,cc_g1_n_spots_h2ax_mean,global_mean,
cell_line_holdout,A549,cc_g1_n_spots_h2ax_per_nucleus_area_mean,global_mean,
cell_line_holdout,A549,cc_g1_plus_g2_count,global_mean,
cell_line_holdout,A549,cc_g2_g1_count,global_mean,
cell_line_holdout,A549,cc_g2_high_h2ax,global_mean,
cell_line_holdout,A549,cc_g2_n_objects,global_mean,
cell_line_holdout,A549,cc_g2_n_spots_h2ax_mean,global_mean,
cell_line_holdout,A549,cc_g2_n_spots_h2ax_per_nucleus_area_mean,global_mean,
cell_line_holdout,A549,cc_g2_plus_all_m_count,global_mean,
cell_line_holdout,A549,cc_infection_percentage,global_mean,
cell_line_holdout,A549,cc_late_mitosis_high_h2ax,global_mean,
cell_line_holdout,A549,cc_late_mitosis_n_objects,global_mean,
cell_line_holdout,A549,cc_late_mitosis_n_spots_h2ax_mean,global_mean,
cell_line_holdout,A549,cc_late_mitosis_n_spots_h2ax_per_nucleus_area_mean,global_mean,
cell_line_holdout,A549,cc_mitosis_high_h2ax,global_mean,
cell_line_holdout,A549,cc_mitosis_n_objects,global_mean,
cell_line_holdout,A549,cc_mitosis_n_spots_h2ax_mean,global_mean,
cell_line_holdout,A549,cc_mitosis_n_spots_h2ax_per_nucleus_area_mean,global_mean,
cell_line_holdout,A549,cc_polynuclear_high_h2ax,global_mean,
cell_line_holdout,A549,cc_polynuclear_n_objects,global_mean,
cell_line_holdout,A549,cc_polynuclear_n_spots_h2ax_mean,global_mean,
cell_line_holdout,A549,cc_polynuclear_n_spots_h2ax_per_nucleus_area_mean,global_mean,
cell_line_holdout,A549,cc_polyploid_high_h2ax,global_mean,
cell_line_holdout,A549,cc_polyploid_n_objects,global_mean,
cell_line_holdout,A549,cc_polyploid_n_spots_h2ax_mean,global_mean,
cell_line_holdout,A549,cc_polyploid_n_spots_h2ax_per_nucleus_area_mean,global_mean,
cell_line_holdout,A549,cc_s_high_h2ax,global_mean,
cell_line_holdout,A549,cc_s_intensity_nucleus_area_mean,global_mean,
cell_line_holdout,A549,cc_s_intensity_nucleus_area_sum,global_mean,
cell_line_holdout,A549,cc_s_n_objects,global_mean,
cell_line_holdout,A549,cc_s_n_spots_h2ax_mean,global_mean,
cell_line_holdout,A549,cc_s_n_spots_h2ax_per_nucleus_area_mean,global_mean,
cell_line_holdout,A549,vb_infection_percentage,global_mean,
cell_line_holdout,A549,vb_live_cell_area,global_mean,
cell_line_holdout,A549,vb_live_cell_roundness,global_mean,
cell_line_holdout,A549,vb_live_cell_width_length,global_mean,
cell_line_holdout,A549,vb_num_live_cells,global_mean,
cell_line_holdout,A549,vb_percent_all_apoptosis,global_mean,
cell_line_holdout,A549,vb_percent_caspase_dead_only,global_mean,
cell_line_holdout,A549,vb_percent_dead,global_mean,
cell_line_holdout,A549,vb_percent_dead_only,global_mean,
cell_line_holdout,A549,vb_percent_early_apoptosis,global_mean,
cell_line_holdout,A549,vb_percent_late_apoptosis,global_mean,
cell_line_holdout,A549,vb_percent_live,global_mean,
cell_line_holdout,A549,vb_ros_back_mean,global_mean,
cell_line_holdout,A549,vb_ros_mean,global_mean,
cell_line_holdout,A549,cc_all_high_h2ax,cell_line_mean,
cell_line_holdout,A549,cc_all_large_notround_polynuclear_mean,cell_line_mean,
cell_line_holdout,A549,cc_all_large_round_polyploid_mean,cell_line_mean,
cell_line_holdout,A549,cc_all_n_objects,cell_line_mean,
cell_line_holdout,A549,cc_all_n_spots_h2ax_mean,cell_line_mean,
cell_line_holdout,A549,cc_all_n_spots_h2ax_per_nucleus_area_mean,cell_line_mean,
cell_line_holdout,A549,cc_all_nucleus_area_mean,cell_line_mean,
cell_line_holdout,A549,cc_all_nucleus_roundness_mean,cell_line_mean,
cell_line_holdout,A549,cc_cc_early_mitosis,cell_line_mean,
cell_line_holdout,A549,cc_cc_g1,cell_line_mean,
cell_line_holdout,A549,cc_cc_g2,cell_line_mean,
cell_line_holdout,A549,cc_cc_high_h2ax,cell_line_mean,
cell_line_holdout,A549,cc_cc_late_mitosis,cell_line_mean,
cell_line_holdout,A549,cc_cc_mitosis,cell_line_mean,
cell_line_holdout,A549,cc_cc_n_objects,cell_line_mean,
cell_line_holdout,A549,cc_cc_n_spots_h2ax_mean,cell_line_mean,
cell_line_holdout,A549,cc_cc_n_spots_h2ax_per_nucleus_area_mean,cell_line_mean,
cell_line_holdout,A549,cc_cc_s,cell_line_mean,
cell_line_holdout,A549,cc_early_mitosis_high_h2ax,cell_line_mean,
cell_line_holdout,A549,cc_early_mitosis_n_objects,cell_line_mean,
cell_line_holdout,A549,cc_early_mitosis_n_spots_h2ax_mean,cell_line_mean,
cell_line_holdout,A549,cc_early_mitosis_n_spots_h2ax_per_nucleus_area_mean,cell_line_mean,
cell_line_holdout,A549,cc_g1_high_h2ax,cell_line_mean,
cell_line_holdout,A549,cc_g1_n_objects,cell_line_mean,
cell_line_holdout,A549,cc_g1_n_spots_h2ax_mean,cell_line_mean,
cell_line_holdout,A549,cc_g1_n_spots_h2ax_per_nucleus_area_mean,cell_line_mean,
cell_line_holdout,A549,cc_g1_plus_g2_count,cell_line_mean,
cell_line_holdout,A549,cc_g2_g1_count,cell_line_mean,
cell_line_holdout,A549,cc_g2_high_h2ax,cell_line_mean,
cell_line_holdout,A549,cc_g2_n_objects,cell_line_mean,
cell_line_holdout,A549,cc_g2_n_spots_h2ax_mean,cell_line_mean,
cell_line_holdout,A549,cc_g2_n_spots_h2ax_per_nucleus_area_mean,cell_line_mean,
cell_line_holdout,A549,cc_g2_plus_all_m_count,cell_line_mean,
cell_line_holdout,A549,cc_infection_percentage,cell_line_mean,
cell_line_holdout,A549,cc_late_mitosis_high_h2ax,cell_line_mean,
cell_line_holdout,A549,cc_late_mitosis_n_objects,cell_line_mean,
cell_line_holdout,A549,cc_late_mitosis_n_spots_h2ax_mean,cell_line_mean,
cell_line_holdout,A549,cc_late_mitosis_n_spots_h2ax_per_nucleus_area_mean,cell_line_mean,
cell_line_holdout,A549,cc_mitosis_high_h2ax,cell_line_mean,
cell_line_holdout,A549,cc_mitosis_n_objects,cell_line_mean,
cell_line_holdout,A549,cc_mitosis_n_spots_h2ax_mean,cell_line_mean,
cell_line_holdout,A549,cc_mitosis_n_spots_h2ax_per_nucleus_area_mean,cell_line_mean,
cell_line_holdout,A549,cc_polynuclear_high_h2ax,cell_line_mean,
cell_line_holdout,A549,cc_polynuclear_n_objects,cell_line_mean,
cell_line_holdout,A549,cc_polynuclear_n_spots_h2ax_mean,cell_line_mean,
cell_line_holdout,A549,cc_polynuclear_n_spots_h2ax_per_nucleus_area_mean,cell_line_mean,
cell_line_holdout,A549,cc_polyploid_high_h2ax,cell_line_mean,
cell_line_holdout,A549,cc_polyploid_n_objects,cell_line_mean,
cell_line_holdout,A549,cc_polyploid_n_spots_h2ax_mean,cell_line_mean,
cell_line_holdout,A549,cc_polyploid_n_spots_h2ax_per_nucleus_area_mean,cell_line_mean,
cell_line_holdout,A549,cc_s_high_h2ax,cell_line_mean,
cell_line_holdout,A549,cc_s_intensity_nucleus_area_mean,cell_line_mean,
cell_line_holdout,A549,cc_s_intensity_nucleus_area_sum,cell_line_mean,
cell_line_holdout,A549,cc_s_n_objects,cell_line_mean,
cell_line_holdout,A549,cc_s_n_spots_h2ax_mean,cell_line_mean,
cell_line_holdout,A549,cc_s_n_spots_h2ax_per_nucleus_area_mean,cell_line_mean,
cell_line_holdout,A549,vb_infection_percentage,cell_line_mean,
cell_line_holdout,A549,vb_live_cell_area,cell_line_mean,
cell_line_holdout,A549,vb_live_cell_roundness,cell_line_mean,
cell_line_holdout,A549,vb_live_cell_width_length,cell_line_mean,
cell_line_holdout,A549,vb_num_live_cells,cell_line_mean,
cell_line_holdout,A549,vb_percent_all_apoptosis,cell_line_mean,
cell_line_holdout,A549,vb_percent_caspase_dead_only,cell_line_mean,
cell_line_holdout,A549,vb_percent_dead,cell_line_mean,
cell_line_holdout,A549,vb_percent_dead_only,cell_line_mean,
cell_line_holdout,A549,vb_percent_early_apoptosis,cell_line_mean,
cell_line_holdout,A549,vb_percent_late_apoptosis,cell_line_mean,
cell_line_holdout,A549,vb_percent_live,cell_line_mean,
cell_line_holdout,A549,vb_ros_back_mean,cell_line_mean,
cell_line_holdout,A549,vb_ros_mean,cell_line_mean,
cell_line_holdout,ES2,cc_all_high_h2ax,count,0.2039025779803447
cell_line_holdout,ES2,cc_all_large_notround_polynuclear_mean,count,-0.10002136447799462
cell_line_holdout,ES2,cc_all_large_round_polyploid_mean,count,0.2039025779803447
cell_line_holdout,ES2,cc_all_n_objects,count,0.6460333285856716
cell_line_holdout,ES2,cc_all_n_spots_h2ax_mean,count,0.1745335422304515
cell_line_holdout,ES2,cc_all_n_spots_h2ax_per_nucleus_area_mean,count,0.2918886198547216
cell_line_holdout,ES2,cc_all_nucleus_area_mean,count,0.0844252955419456
cell_line_holdout,ES2,cc_all_nucleus_roundness_mean,count,0.5948938897592937
cell_line_holdout,ES2,cc_cc_early_mitosis,count,0.44517874946588815
cell_line_holdout,ES2,cc_cc_g1,count,0.21627973223187583
cell_line_holdout,ES2,cc_cc_g2,count,0.1583748753738784
cell_line_holdout,ES2,cc_cc_high_h2ax,count,0.20668708161230595
cell_line_holdout,ES2,cc_cc_late_mitosis,count,0.25826093149124063
cell_line_holdout,ES2,cc_cc_mitosis,count,0.00033471015524854015
cell_line_holdout,ES2,cc_cc_n_objects,count,0.6554906708446091
cell_line_holdout,ES2,cc_cc_n_spots_h2ax_mean,count,0.16839481555334002
cell_line_holdout,ES2,cc_cc_n_spots_h2ax_per_nucleus_area_mean,count,0.31318188292266064
cell_line_holdout,ES2,cc_cc_s,count,0.516009115510611
cell_line_holdout,ES2,cc_early_mitosis_high_h2ax,count,-0.013359920239282156
cell_line_holdout,ES2,cc_early_mitosis_n_objects,count,0.49900299102691936
cell_line_holdout,ES2,cc_early_mitosis_n_spots_h2ax_mean,count,0.19763566443526565
cell_line_holdout,ES2,cc_early_mitosis_n_spots_h2ax_per_nucleus_area_mean,count,0.24805583250249258
cell_line_holdout,ES2,cc_g1_high_h2ax,count,0.2874163224611879
cell_line_holdout,ES2,cc_g1_n_objects,count,0.638705312633528
cell_line_holdout,ES2,cc_g1_n_spots_h2ax_mean,count,0.2998718131320325
cell_line_holdout,ES2,cc_g1_n_spots_h2ax_per_nucleus_area_mean,count,0.5144851160803304
cell_line_holdout,ES2,cc_g1_plus_g2_count,count,0.28520865973508047
cell_line_holdout,ES2,cc_g2_g1_count,count,0.05880216493377013
cell_line_holdout,ES2,cc_g2_high_h2ax,count,0.11373735935051989
cell_line_holdout,ES2,cc_g2_n_objects,count,0.5636732659165361
cell_line_holdout,ES2,cc_g2_n_spots_h2ax_mean,count,0.05778379148269478
cell_line_holdout,ES2,cc_g2_n_spots_h2ax_per_nucleus_area_mean,count,0.13196125907990314
cell_line_holdout,ES2,cc_g2_plus_all_m_count,count,0.1086170061244837
cell_line_holdout,ES2,cc_infection_percentage,count,0.2539310639510042
cell_line_holdout,ES2,cc_late_mitosis_high_h2ax,count,0.26338037038891965
cell_line_holdout,ES2,cc_late_mitosis_n_objects,count,0.6227816550348955
cell_line_holdout,ES2,cc_late_mitosis_n_spots_h2ax_mean,count,0.14007263922518162
cell_line_holdout,ES2,cc_late_mitosis_n_spots_h2ax_per_nucleus_area_mean,count,0.03322176328158383
cell_line_holdout,ES2,cc_mitosis_high_h2ax,count,0.09011902245481464
cell_line_holdout,ES2,cc_mitosis_n_objects,count,0.6285856715567584
cell_line_holdout,ES2,cc_mitosis_n_spots_h2ax_mean,count,-0.05271328870531264
cell_line_holdout,ES2,cc_mitosis_n_spots_h2ax_per_nucleus_area_mean,count,0.024996439253667575
cell_line_holdout,ES2,cc_polynuclear_high_h2ax,count,0.22981056829511468
cell_line_holdout,ES2,cc_polynuclear_n_objects,count,0.5485116080330438
cell_line_holdout,ES2,cc_polynuclear_n_spots_h2ax_mean,count,0.20967810853154825
cell_line_holdout,ES2,cc_polynuclear_n_spots_h2ax_per_nucleus_area_mean,count,0.28090727816550354
cell_line_holdout,ES2,cc_polyploid_high_h2ax,count,0.13251673550776244
cell_line_holdout,ES2,cc_polyploid_n_objects,count,0.4572140720695059
cell_line_holdout,ES2,cc_polyploid_n_spots_h2ax_mean,count,0.17981056829511466
cell_line_holdout,ES2,cc_polyploid_n_spots_h2ax_per_nucleus_area_mean,count,0.21405070502777387
cell_line_holdout,ES2,cc_s_high_h2ax,count,-0.14317761002706167
cell_line_holdout,ES2,cc_s_intensity_nucleus_area_mean,count,0.2694203104970802
cell_line_holdout,ES2,cc_s_intensity_nucleus_area_sum,count,0.689075630252101
cell_line_holdout,ES2,cc_s_n_objects,count,0.669534254379718
cell_line_holdout,ES2,cc_s_n_spots_h2ax_mean,count,-0.10722831505483552
cell_line_holdout,ES2,cc_s_n_spots_h2ax_per_nucleus_area_mean,count,0.05569007263922519
cell_line_holdout,ES2,vb_infection_percentage,count,0.2539310639510042
cell_line_holdout,ES2,vb_live_cell_area,count,-0.4409058538669705
cell_line_holdout,ES2,vb_live_cell_roundness,count,0.5133314342686228
cell_line_holdout,ES2,vb_live_cell_width_length,count,0.5493234581968381
cell_line_holdout,ES2,vb_num_live_cells,count,0.6889759293547929
cell_line_holdout,ES2,vb_percent_all_apoptosis,count,0.2890044153254523
cell_line_holdout,ES2,vb_percent_caspase_dead_only,count,0.18696766842330154
cell_line_holdout,ES2,vb_percent_dead,count,0.46070360347528844
cell_line_holdout,ES2,vb_percent_dead_only,count,0.5138655462184875
cell_line_holdout,ES2,vb_percent_early_apoptosis,count,0.2503489531405783
cell_line_holdout,ES2,vb_percent_late_apoptosis,count,0.23289417461900014
cell_line_holdout,ES2,vb_percent_live,count,0.4596852300242131
cell_line_holdout,ES2,vb_ros_back_mean,count,-0.05804022124882365
cell_line_holdout,ES2,vb_ros_mean,count,-0.20147602172140583
cell_line_holdout,ES2,cc_all_high_h2ax,morphology,0.2890329012961117
cell_line_holdout,ES2,cc_all_large_notround_polynuclear_mean,morphology,0.08396239851872954
cell_line_holdout,ES2,cc_all_large_round_polyploid_mean,morphology,-0.08114228742344397
cell_line_holdout,ES2,cc_all_n_objects,morphology,0.5960760575416608
cell_line_holdout,ES2,cc_all_n_spots_h2ax_mean,morphology,0.3888334995014956
cell_line_holdout,ES2,cc_all_n_spots_h2ax_per_nucleus_area_mean,morphology,0.2786426434980772
cell_line_holdout,ES2,cc_all_nucleus_area_mean,morphology,0.5072995299814842
cell_line_holdout,ES2,cc_all_nucleus_roundness_mean,morphology,0.15601053980914403
cell_line_holdout,ES2,cc_cc_early_mitosis,morphology,0.46170773394103415
cell_line_holdout,ES2,cc_cc_g1,morphology,0.36469876086027636
cell_line_holdout,ES2,cc_cc_g2,morphology,0.1550206523287281
cell_line_holdout,ES2,cc_cc_high_h2ax,morphology,0.2945306936333856
cell_line_holdout,ES2,cc_cc_late_mitosis,morphology,0.42005412334425296
cell_line_holdout,ES2,cc_cc_mitosis,morphology,0.19181740492807295
cell_line_holdout,ES2,cc_cc_n_objects,morphology,0.665396667141433
cell_line_holdout,ES2,cc_cc_n_spots_h2ax_mean,morphology,0.40875943597778097
cell_line_holdout,ES2,cc_cc_n_spots_h2ax_per_nucleus_area_mean,morphology,0.22924797037459052
cell_line_holdout,ES2,cc_cc_s,morphology,0.4634097706879362
cell_line_holdout,ES2,cc_early_mitosis_high_h2ax,morphology,-0.11495513459621137
cell_line_holdout,ES2,cc_early_mitosis_n_objects,morphology,0.3732730380287709
cell_line_holdout,ES2,cc_early_mitosis_n_spots_h2ax_mean,morphology,0.25844609030052706
cell_line_holdout,ES2,cc_early_mitosis_n_spots_h2ax_per_nucleus_area_mean,morphology,0.176477709727959
cell_line_holdout,ES2,cc_g1_high_h2ax,morphology,0.2753952428428999
cell_line_holdout,ES2,cc_g1_n_objects,morphology,0.5894957983193277
cell_line_holdout,ES2,cc_g1_n_spots_h2ax_mean,morphology,0.3908773678963111
cell_line_holdout,ES2,cc_g1_n_spots_h2ax_per_nucleus_area_mean,morphology,0.21306793904002283
cell_line_holdout,ES2,cc_g1_plus_g2_count,morphology,0.392593647628543
cell_line_holdout,ES2,cc_g2_g1_count,morphology,0.20346816692778807
cell_line_holdout,ES2,cc_g2_high_h2ax,morphology,0.27714000854579124
cell_line_holdout,ES2,cc_g2_n_objects,morphology,0.563630536960547
cell_line_holdout,ES2,cc_g2_n_spots_h2ax_mean,morphology,0.3473650477140009
cell_line_holdout,ES2,cc_g2_n_spots_h2ax_per_nucleus_area_mean,morphology,0.2966956274035038
cell_line_holdout,ES2,cc_g2_plus_all_m_count,morphology,0.03281583819968666
cell_line_holdout,ES2,cc_infection_percentage,morphology,-0.115752741774676
cell_line_holdout,ES2,cc_late_mitosis_high_h2ax,morphology,0.008535106819878154
cell_line_holdout,ES2,cc_late_mitosis_n_objects,morphology,0.2663865546218488
cell_line_holdout,ES2,cc_late_mitosis_n_spots_h2ax_mean,morphology,0.11674975074775674
cell_line_holdout,ES2,cc_late_mitosis_n_spots_h2ax_per_nucleus_area_mean,morphology,0.06239139723686085
cell_line_holdout,ES2,cc_mitosis_high_h2ax,morphology,-0.058480598138278404
cell_line_holdout,ES2,cc_mitosis_n_objects,morphology,0.45388121350235017
cell_line_holdout,ES2,cc_mitosis_n_spots_h2ax_mean,morphology,0.1583321464178892
cell_line_holdout,ES2,cc_mitosis_n_spots_h2ax_per_nucleus_area_mean,morphology,-0.0330935764136163
cell_line_holdout,ES2,cc_polynuclear_high_h2ax,morphology,0.04887480415895172
cell_line_holdout,ES2,cc_polynuclear_n_objects,morphology,0.44431704885343976
cell_line_holdout,ES2,cc_polynuclear_n_spots_h2ax_mean,morphology,0.15259222333001
cell_line_holdout,ES2,cc_polynuclear_n_spots_h2ax_per_nucleus_area_mean,morphology,0.1330935764136163
cell_line_holdout,ES2,cc_polyploid_high_h2ax,morphology,0.43664007976071795
cell_line_holdout,ES2,cc_polyploid_n_objects,morphology,0.4685087594359778
cell_line_holdout,ES2,cc_polyploid_n_spots_h2ax_mean,morphology,0.4178963110667997
cell_line_holdout,ES2,cc_polyploid_n_spots_h2ax_per_nucleus_area_mean,morphology,0.46389403218914693
cell_line_holdout,ES2,cc_s_high_h2ax,morphology,0.006395100413046576
cell_line_holdout,ES2,cc_s_intensity_nucleus_area_mean,morphology,0.37525281298960267
cell_line_holdout,ES2,cc_s_intensity_nucleus_area_sum,morphology,0.4986326734083465
cell_line_holdout,ES2,cc_s_n_objects,morphology,0.5943170488534397
cell_line_holdout,ES2,cc_s_n_spots_h2ax_mean,morphology,0.36360917248255237
cell_line_holdout,ES2,cc_s_n_spots_h2ax_per_nucleus_area_mean,morphology,0.08047286711294689
cell_line_holdout,ES2,vb_infection_percentage,morphology,-0.115752741774676
cell_line_holdout,ES2,vb_live_cell_area,morphology,0.10784788491667854
cell_line_holdout,ES2,vb_live_cell_roundness,morphology,0.5588805013530836
cell_line_holdout,ES2,vb_live_cell_width_length,morphology,0.4365190143854152
cell_line_holdout,ES2,vb_num_live_cells,morphology,0.2750391682096568
cell_line_holdout,ES2,vb_percent_all_apoptosis,morphology,0.19377581541091016
cell_line_holdout,ES2,vb_percent_caspase_dead_only,morphology,-0.16716991881498364
cell_line_holdout,ES2,vb_percent_dead,morphology,0.2896595926506196
cell_line_holdout,ES2,vb_percent_dead_only,morphology,0.15760575416607325
cell_line_holdout,ES2,vb_percent_early_apoptosis,morphology,0.13386981911408632
cell_line_holdout,ES2,vb_percent_late_apoptosis,morphology,0.21264064948013106
cell_line_holdout,ES2,vb_percent_live,morphology,0.2867825096140152
cell_line_holdout,ES2,vb_ros_back_mean,morphology,0.1270802733730149
cell_line_holdout,ES2,vb_ros_mean,morphology,0.23911545595663902
cell_line_holdout,ES2,cc_all_high_h2ax,fusion,0.2800384560603903
cell_line_holdout,ES2,cc_all_large_notround_polynuclear_mean,fusion,0.1602335849594075
cell_line_holdout,ES2,cc_all_large_round_polyploid_mean,fusion,0.016813844181740496
cell_line_holdout,ES2,cc_all_n_objects,fusion,0.6110027061672128
cell_line_holdout,ES2,cc_all_n_spots_h2ax_mean,fusion,0.381192137872098
cell_line_holdout,ES2,cc_all_n_spots_h2ax_per_nucleus_area_mean,fusion,0.2760575416607321
cell_line_holdout,ES2,cc_all_nucleus_area_mean,fusion,0.49881783221763293
cell_line_holdout,ES2,cc_all_nucleus_roundness_mean,fusion,0.1554835493519442
cell_line_holdout,ES2,cc_cc_early_mitosis,fusion,0.4628044438114229
cell_line_holdout,ES2,cc_cc_g1,fusion,0.36006979062811567
cell_line_holdout,ES2,cc_cc_g2,fusion,0.15484973650477143
cell_line_holdout,ES2,cc_cc_high_h2ax,fusion,0.28958125623130615
cell_line_holdout,ES2,cc_cc_late_mitosis,fusion,0.41911408631249114
cell_line_holdout,ES2,cc_cc_mitosis,fusion,0.2118359208090016
cell_line_holdout,ES2,cc_cc_n_objects,fusion,0.678293690357499
cell_line_holdout,ES2,cc_cc_n_spots_h2ax_mean,fusion,0.400519868964535
cell_line_holdout,ES2,cc_cc_n_spots_h2ax_per_nucleus_area_mean,fusion,0.22947585813986615
cell_line_holdout,ES2,cc_cc_s,fusion,0.46820965674405357
cell_line_holdout,ES2,cc_early_mitosis_high_h2ax,fusion,-0.11520438683948157
cell_line_holdout,ES2,cc_early_mitosis_n_objects,fusion,0.3527845036319613
cell_line_holdout,ES2,cc_early_mitosis_n_spots_h2ax_mean,fusion,0.2558325024925225
cell_line_holdout,ES2,cc_early_mitosis_n_spots_h2ax_per_nucleus_area_mean,fusion,0.17513174761429998
cell_line_holdout,ES2,cc_g1_high_h2ax,fusion,0.27257513174761433
cell_line_holdout,ES2,cc_g1_n_objects,fusion,0.6032046716991882
cell_line_holdout,ES2,cc_g1_n_spots_h2ax_mean,fusion,0.3928571428571429
cell_line_holdout,ES2,cc_g1_n_spots_h2ax_per_nucleus_area_mean,fusion,0.22270331861558187
cell_line_holdout,ES2,cc_g1_plus_g2_count,fusion,0.39282865688648344
cell_line_holdout,ES2,cc_g2_g1_count,fusion,0.20601053980914402
cell_line_holdout,ES2,cc_g2_high_h2ax,fusion,0.28240279162512466
cell_line_holdout,ES2,cc_g2_n_objects,fusion,0.5324455205811138
cell_line_holdout,ES2,cc_g2_n_spots_h2ax_mean,fusion,0.3481626548924655
cell_line_holdout,ES2,cc_g2_n_spots_h2ax_per_nucleus_area_mean,fusion,0.29710867397806584
cell_line_holdout,ES2,cc_g2_plus_all_m_count,fusion,0.04861130893035181
cell_line_holdout,ES2,cc_infection_percentage,fusion,-0.11184304230166646
cell_line_holdout,ES2,cc_late_mitosis_high_h2ax,fusion,0.005619387098801766
cell_line_holdout,ES2,cc_late_mitosis_n_objects,fusion,0.2747115795470731
cell_line_holdout,ES2,cc_late_mitosis_n_spots_h2ax_mean,fusion,0.13595641646489107
cell_line_holdout,ES2,cc_late_mitosis_n_spots_h2ax_per_nucleus_area_mean,fusion,0.07212647770972797
cell_line_holdout,ES2,cc_mitosis_high_h2ax,fusion,-0.05815453724937793
cell_line_holdout,ES2,cc_mitosis_n_objects,fusion,0.4572710440108248
cell_line_holdout,ES2,cc_mitosis_n_spots_h2ax_mean,fusion,0.15964962256088877
cell_line_holdout,ES2,cc_mitosis_n_spots_h2ax_per_nucleus_area_mean,fusion,-0.03370602478279448
cell_line_holdout,ES2,cc_polynuclear_high_h2ax,fusion,0.03846318188292267
cell_line_holdout,ES2,cc_polynuclear_n_objects,fusion,0.44974362626406494
cell_line_holdout,ES2,cc_polynuclear_n_spots_h2ax_mean,fusion,0.1328870531263353
cell_line_holdout,ES2,cc_polynuclear_n_spots_h2ax_per_nucleus_area_mean,fusion,0.09411052556615869
cell_line_holdout,ES2,cc_polyploid_high_h2ax,fusion,0.4425509186725538
cell_line_holdout,ES2,cc_polyploid_n_objects,fusion,0.4757869249394674
cell_line_holdout,ES2,cc_polyploid_n_spots_h2ax_mean,fusion,0.42073778664007977
cell_line_holdout,ES2,cc_polyploid_n_spots_h2ax_per_nucleus_area_mean,fusion,0.466016237003276
cell_line_holdout,ES2,cc_s_high_h2ax,fusion,0.005512035322603619
cell_line_holdout,ES2,cc_s_intensity_nucleus_area_mean,fusion,0.3753525138869107
cell_line_holdout,ES2,cc_s_intensity_nucleus_area_sum,fusion,0.5222404215923658
cell_line_holdout,ES2,cc_s_n_objects,fusion,0.6223472439823389
cell_line_holdout,ES2,cc_s_n_spots_h2ax_mean,fusion,0.3662939752172056
cell_line_holdout,ES2,cc_s_n_spots_h2ax_per_nucleus_area_mean,fusion,0.08405497792337276
cell_line_holdout,ES2,vb_infection_percentage,fusion,-0.11184304230166646
cell_line_holdout,ES2,vb_live_cell_area,fusion,0.10119641076769692
cell_line_holdout,ES2,vb_live_cell_roundness,fusion,0.5065090442956844
cell_line_holdout,ES2,vb_live_cell_width_length,fusion,0.4475430850306224
cell_line_holdout,ES2,vb_num_live_cells,fusion,0.2649907420595357
cell_line_holdout,ES2,vb_percent_all_apoptosis,fusion,0.19278592793049426
cell_line_holdout,ES2,vb_percent_caspase_dead_only,fusion,-0.1682808716707022
cell_line_holdout,ES2,vb_percent_dead,fusion,0.2912548070075488
cell_line_holdout,ES2,vb_percent_dead_only,fusion,0.15841760432986757
cell_line_holdout,ES2,vb_percent_early_apoptosis,fusion,0.13161942743198976
cell_line_holdout,ES2,vb_percent_late_apoptosis,fusion,0.21441390115368184
cell_line_holdout,ES2,vb_percent_live,fusion,0.2893248824953711
cell_line_holdout,ES2,vb_ros_back_mean,fusion,0.1476733526712508
cell_line_holdout,ES2,vb_ros_mean,fusion,0.24279037517430793
cell_line_holdout,ES2,cc_all_high_h2ax,global_mean,
cell_line_holdout,ES2,cc_all_large_notround_polynuclear_mean,global_mean,
cell_line_holdout,ES2,cc_all_large_round_polyploid_mean,global_mean,
cell_line_holdout,ES2,cc_all_n_objects,global_mean,
cell_line_holdout,ES2,cc_all_n_spots_h2ax_mean,global_mean,
cell_line_holdout,ES2,cc_all_n_spots_h2ax_per_nucleus_area_mean,global_mean,
cell_line_holdout,ES2,cc_all_nucleus_area_mean,global_mean,
cell_line_holdout,ES2,cc_all_nucleus_roundness_mean,global_mean,
cell_line_holdout,ES2,cc_cc_early_mitosis,global_mean,
cell_line_holdout,ES2,cc_cc_g1,global_mean,
cell_line_holdout,ES2,cc_cc_g2,global_mean,
cell_line_holdout,ES2,cc_cc_high_h2ax,global_mean,
cell_line_holdout,ES2,cc_cc_late_mitosis,global_mean,
cell_line_holdout,ES2,cc_cc_mitosis,global_mean,
cell_line_holdout,ES2,cc_cc_n_objects,global_mean,
cell_line_holdout,ES2,cc_cc_n_spots_h2ax_mean,global_mean,
cell_line_holdout,ES2,cc_cc_n_spots_h2ax_per_nucleus_area_mean,global_mean,
cell_line_holdout,ES2,cc_cc_s,global_mean,
cell_line_holdout,ES2,cc_early_mitosis_high_h2ax,global_mean,
cell_line_holdout,ES2,cc_early_mitosis_n_objects,global_mean,
cell_line_holdout,ES2,cc_early_mitosis_n_spots_h2ax_mean,global_mean,
cell_line_holdout,ES2,cc_early_mitosis_n_spots_h2ax_per_nucleus_area_mean,global_mean,
cell_line_holdout,ES2,cc_g1_high_h2ax,global_mean,
cell_line_holdout,ES2,cc_g1_n_objects,global_mean,
cell_line_holdout,ES2,cc_g1_n_spots_h2ax_mean,global_mean,
cell_line_holdout,ES2,cc_g1_n_spots_h2ax_per_nucleus_area_mean,global_mean,
cell_line_holdout,ES2,cc_g1_plus_g2_count,global_mean,
cell_line_holdout,ES2,cc_g2_g1_count,global_mean,
cell_line_holdout,ES2,cc_g2_high_h2ax,global_mean,
cell_line_holdout,ES2,cc_g2_n_objects,global_mean,
cell_line_holdout,ES2,cc_g2_n_spots_h2ax_mean,global_mean,
cell_line_holdout,ES2,cc_g2_n_spots_h2ax_per_nucleus_area_mean,global_mean,
cell_line_holdout,ES2,cc_g2_plus_all_m_count,global_mean,
cell_line_holdout,ES2,cc_infection_percentage,global_mean,
cell_line_holdout,ES2,cc_late_mitosis_high_h2ax,global_mean,
cell_line_holdout,ES2,cc_late_mitosis_n_objects,global_mean,
cell_line_holdout,ES2,cc_late_mitosis_n_spots_h2ax_mean,global_mean,
cell_line_holdout,ES2,cc_late_mitosis_n_spots_h2ax_per_nucleus_area_mean,global_mean,
cell_line_holdout,ES2,cc_mitosis_high_h2ax,global_mean,
cell_line_holdout,ES2,cc_mitosis_n_objects,global_mean,
cell_line_holdout,ES2,cc_mitosis_n_spots_h2ax_mean,global_mean,
cell_line_holdout,ES2,cc_mitosis_n_spots_h2ax_per_nucleus_area_mean,global_mean,
cell_line_holdout,ES2,cc_polynuclear_high_h2ax,global_mean,
cell_line_holdout,ES2,cc_polynuclear_n_objects,global_mean,
cell_line_holdout,ES2,cc_polynuclear_n_spots_h2ax_mean,global_mean,
cell_line_holdout,ES2,cc_polynuclear_n_spots_h2ax_per_nucleus_area_mean,global_mean,
cell_line_holdout,ES2,cc_polyploid_high_h2ax,global_mean,
cell_line_holdout,ES2,cc_polyploid_n_objects,global_mean,
cell_line_holdout,ES2,cc_polyploid_n_spots_h2ax_mean,global_mean,
cell_line_holdout,ES2,cc_polyploid_n_spots_h2ax_per_nucleus_area_mean,global_mean,
cell_line_holdout,ES2,cc_s_high_h2ax,global_mean,
cell_line_holdout,ES2,cc_s_intensity_nucleus_area_mean,global_mean,
cell_line_holdout,ES2,cc_s_intensity_nucleus_area_sum,global_mean,
cell_line_holdout,ES2,cc_s_n_objects,global_mean,
cell_line_holdout,ES2,cc_s_n_spots_h2ax_mean,global_mean,
cell_line_holdout,ES2,cc_s_n_spots_h2ax_per_nucleus_area_mean,global_mean,
cell_line_holdout,ES2,vb_infection_percentage,global_mean,
cell_line_holdout,ES2,vb_live_cell_area,global_mean,
cell_line_holdout,ES2,vb_live_cell_roundness,global_mean,
cell_line_holdout,ES2,vb_live_cell_width_length,global_mean,
cell_line_holdout,ES2,vb_num_live_cells,global_mean,
cell_line_holdout,ES2,vb_percent_all_apoptosis,global_mean,
cell_line_holdout,ES2,vb_percent_caspase_dead_only,global_mean,
cell_line_holdout,ES2,vb_percent_dead,global_mean,
cell_line_holdout,ES2,vb_percent_dead_only,global_mean,
cell_line_holdout,ES2,vb_percent_early_apoptosis,global_mean,
cell_line_holdout,ES2,vb_percent_late_apoptosis,global_mean,
cell_line_holdout,ES2,vb_percent_live,global_mean,
cell_line_holdout,ES2,vb_ros_back_mean,global_mean,
cell_line_holdout,ES2,vb_ros_mean,global_mean,
cell_line_holdout,ES2,cc_all_high_h2ax,cell_line_mean,
cell_line_holdout,ES2,cc_all_large_notround_polynuclear_mean,cell_line_mean,
cell_line_holdout,ES2,cc_all_large_round_polyploid_mean,cell_line_mean,
cell_line_holdout,ES2,cc_all_n_objects,cell_line_mean,
cell_line_holdout,ES2,cc_all_n_spots_h2ax_mean,cell_line_mean,
cell_line_holdout,ES2,cc_all_n_spots_h2ax_per_nucleus_area_mean,cell_line_mean,
cell_line_holdout,ES2,cc_all_nucleus_area_mean,cell_line_mean,
cell_line_holdout,ES2,cc_all_nucleus_roundness_mean,cell_line_mean,
cell_line_holdout,ES2,cc_cc_early_mitosis,cell_line_mean,
cell_line_holdout,ES2,cc_cc_g1,cell_line_mean,
cell_line_holdout,ES2,cc_cc_g2,cell_line_mean,
cell_line_holdout,ES2,cc_cc_high_h2ax,cell_line_mean,
cell_line_holdout,ES2,cc_cc_late_mitosis,cell_line_mean,
cell_line_holdout,ES2,cc_cc_mitosis,cell_line_mean,
cell_line_holdout,ES2,cc_cc_n_objects,cell_line_mean,
cell_line_holdout,ES2,cc_cc_n_spots_h2ax_mean,cell_line_mean,
cell_line_holdout,ES2,cc_cc_n_spots_h2ax_per_nucleus_area_mean,cell_line_mean,
cell_line_holdout,ES2,cc_cc_s,cell_line_mean,
cell_line_holdout,ES2,cc_early_mitosis_high_h2ax,cell_line_mean,
cell_line_holdout,ES2,cc_early_mitosis_n_objects,cell_line_mean,
cell_line_holdout,ES2,cc_early_mitosis_n_spots_h2ax_mean,cell_line_mean,
cell_line_holdout,ES2,cc_early_mitosis_n_spots_h2ax_per_nucleus_area_mean,cell_line_mean,
cell_line_holdout,ES2,cc_g1_high_h2ax,cell_line_mean,
cell_line_holdout,ES2,cc_g1_n_objects,cell_line_mean,
cell_line_holdout,ES2,cc_g1_n_spots_h2ax_mean,cell_line_mean,
cell_line_holdout,ES2,cc_g1_n_spots_h2ax_per_nucleus_area_mean,cell_line_mean,
cell_line_holdout,ES2,cc_g1_plus_g2_count,cell_line_mean,
cell_line_holdout,ES2,cc_g2_g1_count,cell_line_mean,
cell_line_holdout,ES2,cc_g2_high_h2ax,cell_line_mean,
cell_line_holdout,ES2,cc_g2_n_objects,cell_line_mean,
cell_line_holdout,ES2,cc_g2_n_spots_h2ax_mean,cell_line_mean,
cell_line_holdout,ES2,cc_g2_n_spots_h2ax_per_nucleus_area_mean,cell_line_mean,
cell_line_holdout,ES2,cc_g2_plus_all_m_count,cell_line_mean,
cell_line_holdout,ES2,cc_infection_percentage,cell_line_mean,
cell_line_holdout,ES2,cc_late_mitosis_high_h2ax,cell_line_mean,
cell_line_holdout,ES2,cc_late_mitosis_n_objects,cell_line_mean,
cell_line_holdout,ES2,cc_late_mitosis_n_spots_h2ax_mean,cell_line_mean,
cell_line_holdout,ES2,cc_late_mitosis_n_spots_h2ax_per_nucleus_area_mean,cell_line_mean,
cell_line_holdout,ES2,cc_mitosis_high_h2ax,cell_line_mean,
cell_line_holdout,ES2,cc_mitosis_n_objects,cell_line_mean,
cell_line_holdout,ES2,cc_mitosis_n_spots_h2ax_mean,cell_line_mean,
cell_line_holdout,ES2,cc_mitosis_n_spots_h2ax_per_nucleus_area_mean,cell_line_mean,
cell_line_holdout,ES2,cc_polynuclear_high_h2ax,cell_line_mean,
cell_line_holdout,ES2,cc_polynuclear_n_objects,cell_line_mean,
cell_line_holdout,ES2,cc_polynuclear_n_spots_h2ax_mean,cell_line_mean,
cell_line_holdout,ES2,cc_polynuclear_n_spots_h2ax_per_nucleus_area_mean,cell_line_mean,
cell_line_holdout,ES2,cc_polyploid_high_h2ax,cell_line_mean,
cell_line_holdout,ES2,cc_polyploid_n_objects,cell_line_mean,
cell_line_holdout,ES2,cc_polyploid_n_spots_h2ax_mean,cell_line_mean,
cell_line_holdout,ES2,cc_polyploid_n_spots_h2ax_per_nucleus_area_mean,cell_line_mean,
cell_line_holdout,ES2,cc_s_high_h2ax,cell_line_mean,
cell_line_holdout,ES2,cc_s_intensity_nucleus_area_mean,cell_line_mean,
cell_line_holdout,ES2,cc_s_intensity_nucleus_area_sum,cell_line_mean,
cell_line_holdout,ES2,cc_s_n_objects,cell_line_mean,
cell_line_holdout,ES2,cc_s_n_spots_h2ax_mean,cell_line_mean,
cell_line_holdout,ES2,cc_s_n_spots_h2ax_per_nucleus_area_mean,cell_line_mean,
cell_line_holdout,ES2,vb_infection_percentage,cell_line_mean,
cell_line_holdout,ES2,vb_live_cell_area,cell_line_mean,
cell_line_holdout,ES2,vb_live_cell_roundness,cell_line_mean,
cell_line_holdout,ES2,vb_live_cell_width_length,cell_line_mean,
cell_line_holdout,ES2,vb_num_live_cells,cell_line_mean,
cell_line_holdout,ES2,vb_percent_all_apoptosis,cell_line_mean,
cell_line_holdout,ES2,vb_percent_caspase_dead_only,cell_line_mean,
cell_line_holdout,ES2,vb_percent_dead,cell_line_mean,
cell_line_holdout,ES2,vb_percent_dead_only,cell_line_mean,
cell_line_holdout,ES2,vb_percent_early_apoptosis,cell_line_mean,
cell_line_holdout,ES2,vb_percent_late_apoptosis,cell_line_mean,
cell_line_holdout,ES2,vb_percent_live,cell_line_mean,
cell_line_holdout,ES2,vb_ros_back_mean,cell_line_mean,
cell_line_holdout,ES2,vb_ros_mean,cell_line_mean,
cell_line_holdout,HCC44,cc_all_high_h2ax,count,0.3122560888762285
cell_line_holdout,HCC44,cc_all_large_notround_polynuclear_mean,count,0.2563666144423872
cell_line_holdout,HCC44,cc_all_large_round_polyploid_mean,count,0.1942458339267911
cell_line_holdout,HCC44,cc_all_n_objects,count,0.6982552342971088
cell_line_holdout,HCC44,cc_all_n_spots_h2ax_mean,count,0.24184589089873243
cell_line_holdout,HCC44,cc_all_n_spots_h2ax_per_nucleus_area_mean,count,0.2789915966386555
cell_line_holdout,HCC44,cc_all_nucleus_area_mean,count,0.17041731947016095
cell_line_holdout,HCC44,cc_all_nucleus_roundness_mean,count,0.5325096140150977
cell_line_holdout,HCC44,cc_cc_early_mitosis,count,0.3745050562597921
cell_line_holdout,HCC44,cc_cc_g1,count,0.11115937900583964
cell_line_holdout,HCC44,cc_cc_g2,count,0.28330009970089737
cell_line_holdout,HCC44,cc_cc_high_h2ax,count,0.43493092152115087
cell_line_holdout,HCC44,cc_cc_late_mitosis,count,-0.3167212647770973
cell_line_holdout,HCC44,cc_cc_mitosis,count,-0.11032616436405072
cell_line_holdout,HCC44,cc_cc_n_objects,count,0.7087309500071216
cell_line_holdout,HCC44,cc_cc_n_spots_h2ax_mean,count,0.4466813844181741
cell_line_holdout,HCC44,cc_cc_n_spots_h2ax_per_nucleus_area_mean,count,0.5069719413189004
cell_line_holdout,HCC44,cc_cc_s,count,0.4814485116080331
cell_line_holdout,HCC44,cc_early_mitosis_high_h2ax,count,0.16221335992023928
cell_line_holdout,HCC44,cc_early_mitosis_n_objects,count,0.3990101125195842
cell_line_holdout,HCC44,cc_early_mitosis_n_spots_h2ax_mean,count,0.2542586526135878
cell_line_holdout,HCC44,cc_early_mitosis_n_spots_h2ax_per_nucleus_area_mean,count,0.3106608745192993
cell_line_holdout,HCC44,cc_g1_high_h2ax,count,0.41881498362056696
cell_line_holdout,HCC44,cc_g1_n_objects,count,0.70207947585814
cell_line_holdout,HCC44,cc_g1_n_spots_h2ax_mean,count,0.42827232587950437
cell_line_holdout,HCC44,cc_g1_n_spots_h2ax_per_nucleus_area_mean,count,0.5033542230451504
cell_line_holdout,HCC44,cc_g1_plus_g2_count,count,0.26773251673550785
cell_line_holdout,HCC44,cc_g2_g1_count,count,0.2063594929497223
cell_line_holdout,HCC44,cc_g2_high_h2ax,count,0.4327802307363624
cell_line_holdout,HCC44,cc_g2_n_objects,count,0.6553696054693064
cell_line_holdout,HCC44,cc_g2_n_spots_h2ax_mean,count,0.4651972653468168
cell_line_holdout,HCC44,cc_g2_n_spots_h2ax_per_nucleus_area_mean,count,0.5262996724113375
cell_line_holdout,HCC44,cc_g2_plus_all_m_count,count,0.39342686227033186
cell_line_holdout,HCC44,cc_infection_percentage,count,0.005711437117219769
cell_line_holdout,HCC44,cc_late_mitosis_high_h2ax,count,0.14098538770230953
cell_line_holdout,HCC44,cc_late_mitosis_n_objects,count,0.5913331434268623
cell_line_holdout,HCC44,cc_late_mitosis_n_spots_h2ax_mean,count,0.011344537815126052
cell_line_holdout,HCC44,cc_late_mitosis_n_spots_h2ax_per_nucleus_area_mean,count,0.008965959265061958
cell_line_holdout,HCC44,cc_mitosis_high_h2ax,count,0.17632416025550915
cell_line_holdout,HCC44,cc_mitosis_n_objects,count,0.4841618003133458
cell_line_holdout,HCC44,cc_mitosis_n_spots_h2ax_mean,count,0.14740065517732517
cell_line_holdout,HCC44,cc_mitosis_n_spots_h2ax_per_nucleus_area_mean,count,0.1320894459478707
cell_line_holdout,HCC44,cc_polynuclear_high_h2ax,count,0.015054835493519443
cell_line_holdout,HCC44,cc_polynuclear_n_objects,count,0.2921663580686512
cell_line_holdout,HCC44,cc_polynuclear_n_spots_h2ax_mean,count,-0.006010539809143997
cell_line_holdout,HCC44,cc_polynuclear_n_spots_h2ax_per_nucleus_area_mean,count,0.02180601053980915
cell_line_holdout,HCC44,cc_polyploid_high_h2ax,count,0.18927503204671703
cell_line_holdout,HCC44,cc_polyploid_n_objects,count,0.36260504201680677
cell_line_holdout,HCC44,cc_polyploid_n_spots_h2ax_mean,count,0.14215211508332148
cell_line_holdout,HCC44,cc_polyploid_n_spots_h2ax_per_nucleus_area_mean,count,0.20092579404643213
cell_line_holdout,HCC44,cc_s_high_h2ax,count,0.233107819398946
cell_line_holdout,HCC44,cc_s_intensity_nucleus_area_mean,count,0.38512320182310217
cell_line_holdout,HCC44,cc_s_intensity_nucleus_area_sum,count,0.7195484973650479
cell_line_holdout,HCC44,cc_s_n_objects,count,0.7063594929497223
cell_line_holdout,HCC44,cc_s_n_spots_h2ax_mean,count,0.22543797179888908
cell_line_holdout,HCC44,cc_s_n_spots_h2ax_per_nucleus_area_mean,count,0.3397664150405926
cell_line_holdout,HCC44,vb_infection_percentage,count,0.005711437117219769
cell_line_holdout,HCC44,vb_live_cell_area,count,-0.06021934197407777
cell_line_holdout,HCC44,vb_live_cell_roundness,count,0.6470873095000713
cell_line_holdout,HCC44,vb_live_cell_width_length,count,0.5378863409770689
cell_line_holdout,HCC44,vb_num_live_cells,count,0.6639794901011252
cell_line_holdout,HCC44,vb_percent_all_apoptosis,count,0.35744195983478144
cell_line_holdout,HCC44,vb_percent_caspase_dead_only,count,-0.11475573280159522
cell_line_holdout,HCC44,vb_percent_dead,count,0.49076342401367334
cell_line_holdout,HCC44,vb_percent_dead_only,count,0.4757869249394674
cell_line_holdout,HCC44,vb_percent_early_apoptosis,count,0.21373023785785503
cell_line_holdout,HCC44,vb_percent_late_apoptosis,count,0.4226321036889333
cell_line_holdout,HCC44,vb_percent_live,count,0.4906993305796896
cell_line_holdout,HCC44,vb_ros_back_mean,count,-0.2600183394912482
cell_line_holdout,HCC44,vb_ros_mean,count,-0.12742924825996407
cell_line_holdout,HCC44,cc_all_high_h2ax,morphology,0.34588377723970953
cell_line_holdout,HCC44,cc_all_large_notround_polynuclear_mean,morphology,0.12314485116080331
cell_line_holdout,HCC44,cc_all_large_round_polyploid_mean,morphology,-0.05846033328585673
cell_line_holdout,HCC44,cc_all_n_objects,morphology,0.5662939752172056
cell_line_holdout,HCC44,cc_all_n_spots_h2ax_mean,morphology,0.4568936048995871
cell_line_holdout,HCC44,cc_all_n_spots_h2ax_per_nucleus_area_mean,morphology,0.26506195698618434
cell_line_holdout,HCC44,cc_all_nucleus_area_mean,morphology,0.11811707733941036
cell_line_holdout,HCC44,cc_all_nucleus_roundness_mean,morphology,-0.0835707164221621
cell_line_holdout,HCC44,cc_cc_early_mitosis,morphology,0.19345534824099134
cell_line_holdout,HCC44,cc_cc_g1,morphology,0.2164007976071785
cell_line_holdout,HCC44,cc_cc_g2,morphology,0.0224042159236576
cell_line_holdout,HCC44,cc_cc_high_h2ax,morphology,0.34413901153681814
cell_line_holdout,HCC44,cc_cc_late_mitosis,morphology,0.11595214356929215
cell_line_holdout,HCC44,cc_cc_mitosis,morphology,0.2602122204814129
cell_line_holdout,HCC44,cc_cc_n_objects,morphology,0.563530836063239
cell_line_holdout,HCC44,cc_cc_n_spots_h2ax_mean,morphology,0.2189075630252101
cell_line_holdout,HCC44,cc_cc_n_spots_h2ax_per_nucleus_area_mean,morphology,0.18293690357498935
cell_line_holdout,HCC44,cc_cc_s,morphology,0.42408488819256523
cell_line_holdout,HCC44,cc_early_mitosis_high_h2ax,morphology,0.29535678678250965
cell_line_holdout,HCC44,cc_early_mitosis_n_objects,morphology,0.39877510326164367
cell_line_holdout,HCC44,cc_early_mitosis_n_spots_h2ax_mean,morphology,0.3835208659735081
cell_line_holdout,HCC44,cc_early_mitosis_n_spots_h2ax_per_nucleus_area_mean,morphology,0.3733442529554195
cell_line_holdout,HCC44,cc_g1_high_h2ax,morphology,0.04936618715282724
cell_line_holdout,HCC44,cc_g1_n_objects,morphology,0.538235294117647
cell_line_holdout,HCC44,cc_g1_n_spots_h2ax_mean,morphology,0.07218344965104687
cell_line_holdout,HCC44,cc_g1_n_spots_h2ax_per_nucleus_area_mean,morphology,0.1301310354650335
cell_line_holdout,HCC44,cc_g1_plus_g2_count,morphology,0.43425437971798897
cell_line_holdout,HCC44,cc_g2_g1_count,morphology,-0.03437544509329156
cell_line_holdout,HCC44,cc_g2_high_h2ax,morphology,0.24270047001851588
cell_line_holdout,HCC44,cc_g2_n_objects,morphology,0.41638655462184876
cell_line_holdout,HCC44,cc_g2_n_spots_h2ax_mean,morphology,0.10294829796325311
cell_line_holdout,HCC44,cc_g2_n_spots_h2ax_per_nucleus_area_mean,morphology,0.004757157100128187
cell_line_holdout,HCC44,cc_g2_plus_all_m_count,morphology,0.031420025637373596
cell_line_holdout,HCC44,cc_infection_percentage,morphology,0.07559464463751603
cell_line_holdout,HCC44,cc_late_mitosis_high_h2ax,morphology,-0.042214730764712875
cell_line_holdout,HCC44,cc_late_mitosis_n_objects,morphology,0.12563025210084033
cell_line_holdout,HCC44,cc_late_mitosis_n_spots_h2ax_mean,morphology,0.09374020794758582
cell_line_holdout,HCC44,cc_late_mitosis_n_spots_h2ax_per_nucleus_area_mean,morphology,0.0881142287423444
cell_line_holdout,HCC44,cc_mitosis_high_h2ax,morphology,-0.24957524279246612
cell_line_holdout,HCC44,cc_mitosis_n_objects,morphology,0.3405141717704031
cell_line_holdout,HCC44,cc_mitosis_n_spots_h2ax_mean,morphology,-0.06187864976499076
cell_line_holdout,HCC44,cc_mitosis_n_spots_h2ax_per_nucleus_area_mean,morphology,0.006444950861700612
cell_line_holdout,HCC44,cc_polynuclear_high_h2ax,morphology,-0.05347528842045293
cell_line_holdout,HCC44,cc_polynuclear_n_objects,morphology,0.25687936191425725
cell_line_holdout,HCC44,cc_polynuclear_n_spots_h2ax_mean,morphology,0.01711294687366472
cell_line_holdout,HCC44,cc_polynuclear_n_spots_h2ax_per_nucleus_area_mean,morphology,-0.04996439253667569
cell_line_holdout,HCC44,cc_polyploid_high_h2ax,morphology,0.43212505341119506
cell_line_holdout,HCC44,cc_polyploid_n_objects,morphology,0.32783791482694774
cell_line_holdout,HCC44,cc_polyploid_n_spots_h2ax_mean,morphology,0.3590870246403647
cell_line_holdout,HCC44,cc_polyploid_n_spots_h2ax_per_nucleus_area_mean,morphology,0.2829440250676542
cell_line_holdout,HCC44,cc_s_high_h2ax,morphology,0.25554764278592795
cell_line_holdout,HCC44,cc_s_intensity_nucleus_area_mean,morphology,-0.05130323315766986
cell_line_holdout,HCC44,cc_s_intensity_nucleus_area_sum,morphology,0.6019370460048427
cell_line_holdout,HCC44,cc_s_n_objects,morphology,0.5627474718701041
cell_line_holdout,HCC44,cc_s_n_spots_h2ax_mean,morphology,0.2678322176328159
cell_line_holdout,HCC44,cc_s_n_spots_h2ax_per_nucleus_area_mean,morphology,0.139275032046717
cell_line_holdout,HCC44,vb_infection_percentage,morphology,0.07559464463751603
cell_line_holdout,HCC44,vb_live_cell_area,morphology,-0.028464606181455635
cell_line_holdout,HCC44,vb_live_cell_roundness,morphology,0.43268765133171916
cell_line_holdout,HCC44,vb_live_cell_width_length,morphology,0.5024141860133885
cell_line_holdout,HCC44,vb_num_live_cells,morphology,0.3665859564164649
cell_line_holdout,HCC44,vb_percent_all_apoptosis,morphology,-0.22671271898589945
cell_line_holdout,HCC44,vb_percent_caspase_dead_only,morphology,-0.006302521008403362
cell_line_holdout,HCC44,vb_percent_dead,morphology,-0.07255376726961972
cell_line_holdout,HCC44,vb_percent_dead_only,morphology,0.006145848169776385
cell_line_holdout,HCC44,vb_percent_early_apoptosis,morphology,-0.13428998718131324
cell_line_holdout,HCC44,vb_percent_late_apoptosis,morphology,-0.07428428998718133
cell_line_holdout,HCC44,vb_percent_live,morphology,-0.0686939182452642
cell_line_holdout,HCC44,vb_ros_back_mean,morphology,0.13287752965825234
cell_line_holdout,HCC44,vb_ros_mean,morphology,0.22099368861292082
cell_line_holdout,HCC44,cc_all_high_h2ax,fusion,0.3862412761714856
cell_line_holdout,HCC44,cc_all_large_notround_polynuclear_mean,fusion,0.1584888192565162
cell_line_holdout,HCC44,cc_all_large_round_polyploid_mean,fusion,0.012334425295541946
cell_line_holdout,HCC44,cc_all_n_objects,fusion,0.6007548782224754
cell_line_holdout,HCC44,cc_all_n_spots_h2ax_mean,fusion,0.4831576698476001
cell_line_holdout,HCC44,cc_all_n_spots_h2ax_per_nucleus_area_mean,fusion,0.3221407206950577
cell_line_holdout,HCC44,cc_all_nucleus_area_mean,fusion,0.12346531833072213
cell_line_holdout,HCC44,cc_all_nucleus_roundness_mean,fusion,-0.1194630394530694
cell_line_holdout,HCC44,cc_cc_early_mitosis,fusion,0.19787067369320613
cell_line_holdout,HCC44,cc_cc_g1,fusion,0.20915111807434839
cell_line_holdout,HCC44,cc_cc_g2,fusion,0.04418886198547216
cell_line_holdout,HCC44,cc_cc_high_h2ax,fusion,0.3917319470160946
cell_line_holdout,HCC44,cc_cc_late_mitosis,fusion,0.10751317476143
cell_line_holdout,HCC44,cc_cc_mitosis,fusion,0.2649052841475574
cell_line_holdout,HCC44,cc_cc_n_objects,fusion,0.6037102976783933
cell_line_holdout,HCC44,cc_cc_n_spots_h2ax_mean,fusion,0.24995727104401083
cell_line_holdout,HCC44,cc_cc_n_spots_h2ax_per_nucleus_area_mean,fusion,0.25640934339837634
cell_line_holdout,HCC44,cc_cc_s,fusion,0.4111665004985045
cell_line_holdout,HCC44,cc_early_mitosis_high_h2ax,fusion,0.295962113659023
cell_line_holdout,HCC44,cc_early_mitosis_n_objects,fusion,0.40582538099985765
cell_line_holdout,HCC44,cc_early_mitosis_n_spots_h2ax_mean,fusion,0.4033328585671558
cell_line_holdout,HCC44,cc_early_mitosis_n_spots_h2ax_per_nucleus_area_mean,fusion,0.40013530836063244
cell_line_holdout,HCC44,cc_g1_high_h2ax,fusion,0.10857427716849453
cell_line_holdout,HCC44,cc_g1_n_objects,fusion,0.586120210796183
cell_line_holdout,HCC44,cc_g1_n_spots_h2ax_mean,fusion,0.10866685657313777
cell_line_holdout,HCC44,cc_g1_n_spots_h2ax_per_nucleus_area_mean,fusion,0.20323315766984762
cell_line_holdout,HCC44,cc_g1_plus_g2_count,fusion,0.43307933342828664
cell_line_holdout,HCC44,cc_g2_g1_count,fusion,-0.009087024640364622
cell_line_holdout,HCC44,cc_g2_high_h2ax,fusion,0.2821321749038599
cell_line_holdout,HCC44,cc_g2_n_objects,fusion,0.44928785073351385
cell_line_holdout,HCC44,cc_g2_n_spots_h2ax_mean,fusion,0.150156672838627
cell_line_holdout,HCC44,cc_g2_n_spots_h2ax_per_nucleus_area_mean,fusion,0.05900156672838627
cell_line_holdout,HCC44,cc_g2_plus_all_m_count,fusion,0.05175188719555619
cell_line_holdout,HCC44,cc_infection_percentage,fusion,0.0805084745762712
cell_line_holdout,HCC44,cc_late_mitosis_high_h2ax,fusion,-0.03998755666145024
cell_line_holdout,HCC44,cc_late_mitosis_n_objects,fusion,0.13500925794046434
cell_line_holdout,HCC44,cc_late_mitosis_n_spots_h2ax_mean,fusion,0.09290699330579691
cell_line_holdout,HCC44,cc_late_mitosis_n_spots_h2ax_per_nucleus_area_mean,fusion,0.08743768693918245
cell_line_holdout,HCC44,cc_mitosis_high_h2ax,fusion,-0.25042729979765455
cell_line_holdout,HCC44,cc_mitosis_n_objects,fusion,0.3520937188434696
cell_line_holdout,HCC44,cc_mitosis_n_spots_h2ax_mean,fusion,-0.05795470730665148
cell_line_holdout,HCC44,cc_mitosis_n_spots_h2ax_per_nucleus_area_mean,fusion,0.006872240421592366
cell_line_holdout,HCC44,cc_polynuclear_high_h2ax,fusion,-0.02496083179034326
cell_line_holdout,HCC44,cc_polynuclear_n_objects,fusion,0.2542942600769122
cell_line_holdout,HCC44,cc_polynuclear_n_spots_h2ax_mean,fusion,0.04816265489246546
cell_line_holdout,HCC44,cc_polynuclear_n_spots_h2ax_per_nucleus_area_mean,fusion,-0.02388548639794901
cell_line_holdout,HCC44,cc_polyploid_high_h2ax,fusion,0.44082751744765714
cell_line_holdout,HCC44,cc_polyploid_n_objects,fusion,0.18383421165076202
cell_line_holdout,HCC44,cc_polyploid_n_spots_h2ax_mean,fusion,0.38456060390257807
cell_line_holdout,HCC44,cc_polyploid_n_spots_h2ax_per_nucleus_area_mean,fusion,0.32544509329155397
cell_line_holdout,HCC44,cc_s_high_h2ax,fusion,0.28127759578407635
cell_line_holdout,HCC44,cc_s_intensity_nucleus_area_mean,fusion,-0.052727531690642364
cell_line_holdout,HCC44,cc_s_intensity_nucleus_area_sum,fusion,0.63031619427432
cell_line_holdout,HCC44,cc_s_n_objects,fusion,0.5926363765845322
cell_line_holdout,HCC44,cc_s_n_spots_h2ax_mean,fusion,0.2924440962825809
cell_line_holdout,HCC44,cc_s_n_spots_h2ax_per_nucleus_area_mean,fusion,0.19467312348668284
cell_line_holdout,HCC44,vb_infection_percentage,fusion,0.0805084745762712
cell_line_holdout,HCC44,vb_live_cell_area,fusion,-0.01952713288705313
cell_line_holdout,HCC44,vb_live_cell_roundness,fusion,0.4666642928357785
cell_line_holdout,HCC44,vb_live_cell_width_length,fusion,0.5178607036034755
cell_line_holdout,HCC44,vb_num_live_cells,fusion,0.40165218629824817
cell_line_holdout,HCC44,vb_percent_all_apoptosis,fusion,-0.24042159236575994
cell_line_holdout,HCC44,vb_percent_caspase_dead_only,fusion,-0.0059322033898305095
cell_line_holdout,HCC44,vb_percent_dead,fusion,-0.09382566585956419
cell_line_holdout,HCC44,vb_percent_dead_only,fusion,0.0005697194131890045
cell_line_holdout,HCC44,vb_percent_early_apoptosis,fusion,-0.13728813559322037
cell_line_holdout,HCC44,vb_percent_late_apoptosis,fusion,-0.0980629539951574
cell_line_holdout,HCC44,vb_percent_live,fusion,-0.09449508617006126
cell_line_holdout,HCC44,vb_ros_back_mean,fusion,0.17862884953093694
cell_line_holdout,HCC44,vb_ros_mean,fusion,0.23426541722169225
cell_line_holdout,HCC44,cc_all_high_h2ax,global_mean,
cell_line_holdout,HCC44,cc_all_large_notround_polynuclear_mean,global_mean,
cell_line_holdout,HCC44,cc_all_large_round_polyploid_mean,global_mean,
cell_line_holdout,HCC44,cc_all_n_objects,global_mean,
cell_line_holdout,HCC44,cc_all_n_spots_h2ax_mean,global_mean,
cell_line_holdout,HCC44,cc_all_n_spots_h2ax_per_nucleus_area_mean,global_mean,
cell_line_holdout,HCC44,cc_all_nucleus_area_mean,global_mean,
cell_line_holdout,HCC44,cc_all_nucleus_roundness_mean,global_mean,
cell_line_holdout,HCC44,cc_cc_early_mitosis,global_mean,
cell_line_holdout,HCC44,cc_cc_g1,global_mean,
cell_line_holdout,HCC44,cc_cc_g2,global_mean,
cell_line_holdout,HCC44,cc_cc_high_h2ax,global_mean,
cell_line_holdout,HCC44,cc_cc_late_mitosis,global_mean,
cell_line_holdout,HCC44,cc_cc_mitosis,global_mean,
cell_line_holdout,HCC44,cc_cc_n_objects,global_mean,
cell_line_holdout,HCC44,cc_cc_n_spots_h2ax_mean,global_mean,
cell_line_holdout,HCC44,cc_cc_n_spots_h2ax_per_nucleus_area_mean,global_mean,
cell_line_holdout,HCC44,cc_cc_s,global_mean,
cell_line_holdout,HCC44,cc_early_mitosis_high_h2ax,global_mean,
cell_line_holdout,HCC44,cc_early_mitosis_n_objects,global_mean,
cell_line_holdout,HCC44,cc_early_mitosis_n_spots_h2ax_mean,global_mean,
cell_line_holdout,HCC44,cc_early_mitosis_n_spots_h2ax_per_nucleus_area_mean,global_mean,
cell_line_holdout,HCC44,cc_g1_high_h2ax,global_mean,
cell_line_holdout,HCC44,cc_g1_n_objects,global_mean,
cell_line_holdout,HCC44,cc_g1_n_spots_h2ax_mean,global_mean,
cell_line_holdout,HCC44,cc_g1_n_spots_h2ax_per_nucleus_area_mean,global_mean,
cell_line_holdout,HCC44,cc_g1_plus_g2_count,global_mean,
cell_line_holdout,HCC44,cc_g2_g1_count,global_mean,
cell_line_holdout,HCC44,cc_g2_high_h2ax,global_mean,
cell_line_holdout,HCC44,cc_g2_n_objects,global_mean,
cell_line_holdout,HCC44,cc_g2_n_spots_h2ax_mean,global_mean,
cell_line_holdout,HCC44,cc_g2_n_spots_h2ax_per_nucleus_area_mean,global_mean,
cell_line_holdout,HCC44,cc_g2_plus_all_m_count,global_mean,
cell_line_holdout,HCC44,cc_infection_percentage,global_mean,
cell_line_holdout,HCC44,cc_late_mitosis_high_h2ax,global_mean,
cell_line_holdout,HCC44,cc_late_mitosis_n_objects,global_mean,
cell_line_holdout,HCC44,cc_late_mitosis_n_spots_h2ax_mean,global_mean,
cell_line_holdout,HCC44,cc_late_mitosis_n_spots_h2ax_per_nucleus_area_mean,global_mean,
cell_line_holdout,HCC44,cc_mitosis_high_h2ax,global_mean,
cell_line_holdout,HCC44,cc_mitosis_n_objects,global_mean,
cell_line_holdout,HCC44,cc_mitosis_n_spots_h2ax_mean,global_mean,
cell_line_holdout,HCC44,cc_mitosis_n_spots_h2ax_per_nucleus_area_mean,global_mean,
cell_line_holdout,HCC44,cc_polynuclear_high_h2ax,global_mean,
cell_line_holdout,HCC44,cc_polynuclear_n_objects,global_mean,
cell_line_holdout,HCC44,cc_polynuclear_n_spots_h2ax_mean,global_mean,
cell_line_holdout,HCC44,cc_polynuclear_n_spots_h2ax_per_nucleus_area_mean,global_mean,
cell_line_holdout,HCC44,cc_polyploid_high_h2ax,global_mean,
cell_line_holdout,HCC44,cc_polyploid_n_objects,global_mean,
cell_line_holdout,HCC44,cc_polyploid_n_spots_h2ax_mean,global_mean,
cell_line_holdout,HCC44,cc_polyploid_n_spots_h2ax_per_nucleus_area_mean,global_mean,
cell_line_holdout,HCC44,cc_s_high_h2ax,global_mean,
cell_line_holdout,HCC44,cc_s_intensity_nucleus_area_mean,global_mean,
cell_line_holdout,HCC44,cc_s_intensity_nucleus_area_sum,global_mean,
cell_line_holdout,HCC44,cc_s_n_objects,global_mean,
cell_line_holdout,HCC44,cc_s_n_spots_h2ax_mean,global_mean,
cell_line_holdout,HCC44,cc_s_n_spots_h2ax_per_nucleus_area_mean,global_mean,
cell_line_holdout,HCC44,vb_infection_percentage,global_mean,
cell_line_holdout,HCC44,vb_live_cell_area,global_mean,
cell_line_holdout,HCC44,vb_live_cell_roundness,global_mean,
cell_line_holdout,HCC44,vb_live_cell_width_length,global_mean,
cell_line_holdout,HCC44,vb_num_live_cells,global_mean,
cell_line_holdout,HCC44,vb_percent_all_apoptosis,global_mean,
cell_line_holdout,HCC44,vb_percent_caspase_dead_only,global_mean,
cell_line_holdout,HCC44,vb_percent_dead,global_mean,
cell_line_holdout,HCC44,vb_percent_dead_only,global_mean,
cell_line_holdout,HCC44,vb_percent_early_apoptosis,global_mean,
cell_line_holdout,HCC44,vb_percent_late_apoptosis,global_mean,
cell_line_holdout,HCC44,vb_percent_live,global_mean,
cell_line_holdout,HCC44,vb_ros_back_mean,global_mean,
cell_line_holdout,HCC44,vb_ros_mean,global_mean,
cell_line_holdout,HCC44,cc_all_high_h2ax,cell_line_mean,
cell_line_holdout,HCC44,cc_all_large_notround_polynuclear_mean,cell_line_mean,
cell_line_holdout,HCC44,cc_all_large_round_polyploid_mean,cell_line_mean,
cell_line_holdout,HCC44,cc_all_n_objects,cell_line_mean,
cell_line_holdout,HCC44,cc_all_n_spots_h2ax_mean,cell_line_mean,
cell_line_holdout,HCC44,cc_all_n_spots_h2ax_per_nucleus_area_mean,cell_line_mean,
cell_line_holdout,HCC44,cc_all_nucleus_area_mean,cell_line_mean,
cell_line_holdout,HCC44,cc_all_nucleus_roundness_mean,cell_line_mean,
cell_line_holdout,HCC44,cc_cc_early_mitosis,cell_line_mean,
cell_line_holdout,HCC44,cc_cc_g1,cell_line_mean,
cell_line_holdout,HCC44,cc_cc_g2,cell_line_mean,
cell_line_holdout,HCC44,cc_cc_high_h2ax,cell_line_mean,
cell_line_holdout,HCC44,cc_cc_late_mitosis,cell_line_mean,
cell_line_holdout,HCC44,cc_cc_mitosis,cell_line_mean,
cell_line_holdout,HCC44,cc_cc_n_objects,cell_line_mean,
cell_line_holdout,HCC44,cc_cc_n_spots_h2ax_mean,cell_line_mean,
cell_line_holdout,HCC44,cc_cc_n_spots_h2ax_per_nucleus_area_mean,cell_line_mean,
cell_line_holdout,HCC44,cc_cc_s,cell_line_mean,
cell_line_holdout,HCC44,cc_early_mitosis_high_h2ax,cell_line_mean,
cell_line_holdout,HCC44,cc_early_mitosis_n_objects,cell_line_mean,
cell_line_holdout,HCC44,cc_early_mitosis_n_spots_h2ax_mean,cell_line_mean,
cell_line_holdout,HCC44,cc_early_mitosis_n_spots_h2ax_per_nucleus_area_mean,cell_line_mean,
cell_line_holdout,HCC44,cc_g1_high_h2ax,cell_line_mean,
cell_line_holdout,HCC44,cc_g1_n_objects,cell_line_mean,
cell_line_holdout,HCC44,cc_g1_n_spots_h2ax_mean,cell_line_mean,
cell_line_holdout,HCC44,cc_g1_n_spots_h2ax_per_nucleus_area_mean,cell_line_mean,
cell_line_holdout,HCC44,cc_g1_plus_g2_count,cell_line_mean,
cell_line_holdout,HCC44,cc_g2_g1_count,cell_line_mean,
cell_line_holdout,HCC44,cc_g2_high_h2ax,cell_line_mean,
cell_line_holdout,HCC44,cc_g2_n_objects,cell_line_mean,
cell_line_holdout,HCC44,cc_g2_n_spots_h2ax_mean,cell_line_mean,
cell_line_holdout,HCC44,cc_g2_n_spots_h2ax_per_nucleus_area_mean,cell_line_mean,
cell_line_holdout,HCC44,cc_g2_plus_all_m_count,cell_line_mean,
cell_line_holdout,HCC44,cc_infection_percentage,cell_line_mean,
cell_line_holdout,HCC44,cc_late_mitosis_high_h2ax,cell_line_mean,
cell_line_holdout,HCC44,cc_late_mitosis_n_objects,cell_line_mean,
cell_line_holdout,HCC44,cc_late_mitosis_n_spots_h2ax_mean,cell_line_mean,
cell_line_holdout,HCC44,cc_late_mitosis_n_spots_h2ax_per_nucleus_area_mean,cell_line_mean,
cell_line_holdout,HCC44,cc_mitosis_high_h2ax,cell_line_mean,
cell_line_holdout,HCC44,cc_mitosis_n_objects,cell_line_mean,
cell_line_holdout,HCC44,cc_mitosis_n_spots_h2ax_mean,cell_line_mean,
cell_line_holdout,HCC44,cc_mitosis_n_spots_h2ax_per_nucleus_area_mean,cell_line_mean,
cell_line_holdout,HCC44,cc_polynuclear_high_h2ax,cell_line_mean,
cell_line_holdout,HCC44,cc_polynuclear_n_objects,cell_line_mean,
cell_line_holdout,HCC44,cc_polynuclear_n_spots_h2ax_mean,cell_line_mean,
cell_line_holdout,HCC44,cc_polynuclear_n_spots_h2ax_per_nucleus_area_mean,cell_line_mean,
cell_line_holdout,HCC44,cc_polyploid_high_h2ax,cell_line_mean,
cell_line_holdout,HCC44,cc_polyploid_n_objects,cell_line_mean,
cell_line_holdout,HCC44,cc_polyploid_n_spots_h2ax_mean,cell_line_mean,
cell_line_holdout,HCC44,cc_polyploid_n_spots_h2ax_per_nucleus_area_mean,cell_line_mean,
cell_line_holdout,HCC44,cc_s_high_h2ax,cell_line_mean,
cell_line_holdout,HCC44,cc_s_intensity_nucleus_area_mean,cell_line_mean,
cell_line_holdout,HCC44,cc_s_intensity_nucleus_area_sum,cell_line_mean,
cell_line_holdout,HCC44,cc_s_n_objects,cell_line_mean,
cell_line_holdout,HCC44,cc_s_n_spots_h2ax_mean,cell_line_mean,
cell_line_holdout,HCC44,cc_s_n_spots_h2ax_per_nucleus_area_mean,cell_line_mean,
cell_line_holdout,HCC44,vb_infection_percentage,cell_line_mean,
cell_line_holdout,HCC44,vb_live_cell_area,cell_line_mean,
cell_line_holdout,HCC44,vb_live_cell_roundness,cell_line_mean,
cell_line_holdout,HCC44,vb_live_cell_width_length,cell_line_mean,
cell_line_holdout,HCC44,vb_num_live_cells,cell_line_mean,
cell_line_holdout,HCC44,vb_percent_all_apoptosis,cell_line_mean,
cell_line_holdout,HCC44,vb_percent_caspase_dead_only,cell_line_mean,
cell_line_holdout,HCC44,vb_percent_dead,cell_line_mean,
cell_line_holdout,HCC44,vb_percent_dead_only,cell_line_mean,
cell_line_holdout,HCC44,vb_percent_early_apoptosis,cell_line_mean,
cell_line_holdout,HCC44,vb_percent_late_apoptosis,cell_line_mean,
cell_line_holdout,HCC44,vb_percent_live,cell_line_mean,
cell_line_holdout,HCC44,vb_ros_back_mean,cell_line_mean,
cell_line_holdout,HCC44,vb_ros_mean,cell_line_mean,
